unique_id,gender,hold racket handed,play years_0,play years_1,play years_2,level_2,level_3,level_4,level_5
1968,0.9897,0.5,0.5,0.5,0.5,0.5,0.5,0.5,0.5
1969,0.9971,0.5,0.5,0.5,0.5,0.5,0.5,0.5,0.5
1970,0.9905,0.5,0.5,0.5,0.5,0.5,0.5,0.5,0.5
1971,0.9975,0.5,0.5,0.5,0.5,0.5,0.5,0.5,0.5
1972,0.9647,0.5,0.5,0.5,0.5,0.5,0.5,0.5,0.5
1973,0.955,0.5,0.5,0.5,0.5,0.5,0.5,0.5,0.5
1974,0.9962,0.5,0.5,0.5,0.5,0.5,0.5,0.5,0.5
1975,0.9794,0.5,0.5,0.5,0.5,0.5,0.5,0.5,0.5
1976,0.9658,0.5,0.5,0.5,0.5,0.5,0.5,0.5,0.5
1977,0.9971,0.5,0.5,0.5,0.5,0.5,0.5,0.5,0.5
1978,0.9919,0.5,0.5,0.5,0.5,0.5,0.5,0.5,0.5
1979,0.7981,0.5,0.5,0.5,0.5,0.5,0.5,0.5,0.5
1980,0.2048,0.5,0.5,0.5,0.5,0.5,0.5,0.5,0.5
1981,0.9771,0.5,0.5,0.5,0.5,0.5,0.5,0.5,0.5
1982,0.997,0.5,0.5,0.5,0.5,0.5,0.5,0.5,0.5
1983,0.9922,0.5,0.5,0.5,0.5,0.5,0.5,0.5,0.5
1984,0.9889,0.5,0.5,0.5,0.5,0.5,0.5,0.5,0.5
1985,0.9953,0.5,0.5,0.5,0.5,0.5,0.5,0.5,0.5
1986,0.9932,0.5,0.5,0.5,0.5,0.5,0.5,0.5,0.5
1987,0.9494,0.5,0.5,0.5,0.5,0.5,0.5,0.5,0.5
1988,0.6068,0.5,0.5,0.5,0.5,0.5,0.5,0.5,0.5
1989,0.985,0.5,0.5,0.5,0.5,0.5,0.5,0.5,0.5
1990,0.9345,0.5,0.5,0.5,0.5,0.5,0.5,0.5,0.5
1991,0.9863,0.5,0.5,0.5,0.5,0.5,0.5,0.5,0.5
1992,0.9841,0.5,0.5,0.5,0.5,0.5,0.5,0.5,0.5
1993,0.898,0.5,0.5,0.5,0.5,0.5,0.5,0.5,0.5
1994,0.9906,0.5,0.5,0.5,0.5,0.5,0.5,0.5,0.5
1995,0.9316,0.5,0.5,0.5,0.5,0.5,0.5,0.5,0.5
1996,0.0338,0.5,0.5,0.5,0.5,0.5,0.5,0.5,0.5
1997,0.8194,0.5,0.5,0.5,0.5,0.5,0.5,0.5,0.5
1998,0.9874,0.5,0.5,0.5,0.5,0.5,0.5,0.5,0.5
1999,0.989,0.5,0.5,0.5,0.5,0.5,0.5,0.5,0.5
2000,0.9135,0.5,0.5,0.5,0.5,0.5,0.5,0.5,0.5
2001,0.9484,0.5,0.5,0.5,0.5,0.5,0.5,0.5,0.5
2002,0.9759,0.5,0.5,0.5,0.5,0.5,0.5,0.5,0.5
2003,0.9933,0.5,0.5,0.5,0.5,0.5,0.5,0.5,0.5
2004,0.9963,0.5,0.5,0.5,0.5,0.5,0.5,0.5,0.5
2005,0.0254,0.5,0.5,0.5,0.5,0.5,0.5,0.5,0.5
2006,0.9892,0.5,0.5,0.5,0.5,0.5,0.5,0.5,0.5
2007,0.9902,0.5,0.5,0.5,0.5,0.5,0.5,0.5,0.5
2008,0.9969,0.5,0.5,0.5,0.5,0.5,0.5,0.5,0.5
2009,0.9282,0.5,0.5,0.5,0.5,0.5,0.5,0.5,0.5
2010,0.6014,0.5,0.5,0.5,0.5,0.5,0.5,0.5,0.5
2011,0.9824,0.5,0.5,0.5,0.5,0.5,0.5,0.5,0.5
2012,0.7847,0.5,0.5,0.5,0.5,0.5,0.5,0.5,0.5
2013,0.1593,0.5,0.5,0.5,0.5,0.5,0.5,0.5,0.5
2014,0.9971,0.5,0.5,0.5,0.5,0.5,0.5,0.5,0.5
2015,0.9924,0.5,0.5,0.5,0.5,0.5,0.5,0.5,0.5
2016,0.968,0.5,0.5,0.5,0.5,0.5,0.5,0.5,0.5
2017,0.9928,0.5,0.5,0.5,0.5,0.5,0.5,0.5,0.5
2018,0.961,0.5,0.5,0.5,0.5,0.5,0.5,0.5,0.5
2019,0.9939,0.5,0.5,0.5,0.5,0.5,0.5,0.5,0.5
2020,0.0125,0.5,0.5,0.5,0.5,0.5,0.5,0.5,0.5
2021,0.8191,0.5,0.5,0.5,0.5,0.5,0.5,0.5,0.5
2022,0.0119,0.5,0.5,0.5,0.5,0.5,0.5,0.5,0.5
2023,0.9765,0.5,0.5,0.5,0.5,0.5,0.5,0.5,0.5
2024,0.8012,0.5,0.5,0.5,0.5,0.5,0.5,0.5,0.5
2025,0.9986,0.5,0.5,0.5,0.5,0.5,0.5,0.5,0.5
2026,0.9893,0.5,0.5,0.5,0.5,0.5,0.5,0.5,0.5
2027,0.3798,0.5,0.5,0.5,0.5,0.5,0.5,0.5,0.5
2028,0.9658,0.5,0.5,0.5,0.5,0.5,0.5,0.5,0.5
2029,0.986,0.5,0.5,0.5,0.5,0.5,0.5,0.5,0.5
2030,0.9703,0.5,0.5,0.5,0.5,0.5,0.5,0.5,0.5
2031,0.9556,0.5,0.5,0.5,0.5,0.5,0.5,0.5,0.5
2032,0.9898,0.5,0.5,0.5,0.5,0.5,0.5,0.5,0.5
2033,0.989,0.5,0.5,0.5,0.5,0.5,0.5,0.5,0.5
2034,0.8583,0.5,0.5,0.5,0.5,0.5,0.5,0.5,0.5
2035,0.9348,0.5,0.5,0.5,0.5,0.5,0.5,0.5,0.5
2036,0.9451,0.5,0.5,0.5,0.5,0.5,0.5,0.5,0.5
2037,0.9813,0.5,0.5,0.5,0.5,0.5,0.5,0.5,0.5
2038,0.9931,0.5,0.5,0.5,0.5,0.5,0.5,0.5,0.5
2039,0.9758,0.5,0.5,0.5,0.5,0.5,0.5,0.5,0.5
2040,0.9443,0.5,0.5,0.5,0.5,0.5,0.5,0.5,0.5
2041,0.6387,0.5,0.5,0.5,0.5,0.5,0.5,0.5,0.5
2042,0.9871,0.5,0.5,0.5,0.5,0.5,0.5,0.5,0.5
2043,0.994,0.5,0.5,0.5,0.5,0.5,0.5,0.5,0.5
2044,0.1751,0.5,0.5,0.5,0.5,0.5,0.5,0.5,0.5
2045,0.984,0.5,0.5,0.5,0.5,0.5,0.5,0.5,0.5
2046,0.9971,0.5,0.5,0.5,0.5,0.5,0.5,0.5,0.5
2047,0.9754,0.5,0.5,0.5,0.5,0.5,0.5,0.5,0.5
2048,0.9592,0.5,0.5,0.5,0.5,0.5,0.5,0.5,0.5
2049,0.9687,0.5,0.5,0.5,0.5,0.5,0.5,0.5,0.5
2050,0.9981,0.5,0.5,0.5,0.5,0.5,0.5,0.5,0.5
2051,0.9811,0.5,0.5,0.5,0.5,0.5,0.5,0.5,0.5
2052,0.9922,0.5,0.5,0.5,0.5,0.5,0.5,0.5,0.5
2053,0.9379,0.5,0.5,0.5,0.5,0.5,0.5,0.5,0.5
2054,0.9845,0.5,0.5,0.5,0.5,0.5,0.5,0.5,0.5
2055,0.9947,0.5,0.5,0.5,0.5,0.5,0.5,0.5,0.5
2056,0.9849,0.5,0.5,0.5,0.5,0.5,0.5,0.5,0.5
2057,0.2684,0.5,0.5,0.5,0.5,0.5,0.5,0.5,0.5
2058,0.9783,0.5,0.5,0.5,0.5,0.5,0.5,0.5,0.5
2059,0.548,0.5,0.5,0.5,0.5,0.5,0.5,0.5,0.5
2060,0.9872,0.5,0.5,0.5,0.5,0.5,0.5,0.5,0.5
2061,0.9367,0.5,0.5,0.5,0.5,0.5,0.5,0.5,0.5
2062,0.6398,0.5,0.5,0.5,0.5,0.5,0.5,0.5,0.5
2063,0.9804,0.5,0.5,0.5,0.5,0.5,0.5,0.5,0.5
2064,0.9954,0.5,0.5,0.5,0.5,0.5,0.5,0.5,0.5
2065,0.9885,0.5,0.5,0.5,0.5,0.5,0.5,0.5,0.5
2066,0.3661,0.5,0.5,0.5,0.5,0.5,0.5,0.5,0.5
2067,0.9909,0.5,0.5,0.5,0.5,0.5,0.5,0.5,0.5
2068,0.991,0.5,0.5,0.5,0.5,0.5,0.5,0.5,0.5
2069,0.8957,0.5,0.5,0.5,0.5,0.5,0.5,0.5,0.5
2070,0.9723,0.5,0.5,0.5,0.5,0.5,0.5,0.5,0.5
2071,0.9837,0.5,0.5,0.5,0.5,0.5,0.5,0.5,0.5
2072,0.9072,0.5,0.5,0.5,0.5,0.5,0.5,0.5,0.5
2073,0.959,0.5,0.5,0.5,0.5,0.5,0.5,0.5,0.5
2074,0.0731,0.5,0.5,0.5,0.5,0.5,0.5,0.5,0.5
2075,0.9431,0.5,0.5,0.5,0.5,0.5,0.5,0.5,0.5
2076,0.936,0.5,0.5,0.5,0.5,0.5,0.5,0.5,0.5
2077,0.9476,0.5,0.5,0.5,0.5,0.5,0.5,0.5,0.5
2078,0.9676,0.5,0.5,0.5,0.5,0.5,0.5,0.5,0.5
2079,0.0232,0.5,0.5,0.5,0.5,0.5,0.5,0.5,0.5
2080,0.9762,0.5,0.5,0.5,0.5,0.5,0.5,0.5,0.5
2081,0.9872,0.5,0.5,0.5,0.5,0.5,0.5,0.5,0.5
2082,0.9753,0.5,0.5,0.5,0.5,0.5,0.5,0.5,0.5
2083,0.4231,0.5,0.5,0.5,0.5,0.5,0.5,0.5,0.5
2084,0.9855,0.5,0.5,0.5,0.5,0.5,0.5,0.5,0.5
2085,0.9951,0.5,0.5,0.5,0.5,0.5,0.5,0.5,0.5
2086,0.9946,0.5,0.5,0.5,0.5,0.5,0.5,0.5,0.5
2087,0.9759,0.5,0.5,0.5,0.5,0.5,0.5,0.5,0.5
2088,0.9692,0.5,0.5,0.5,0.5,0.5,0.5,0.5,0.5
2089,0.9921,0.5,0.5,0.5,0.5,0.5,0.5,0.5,0.5
2090,0.9837,0.5,0.5,0.5,0.5,0.5,0.5,0.5,0.5
2091,0.9247,0.5,0.5,0.5,0.5,0.5,0.5,0.5,0.5
2092,0.8543,0.5,0.5,0.5,0.5,0.5,0.5,0.5,0.5
2093,0.9908,0.5,0.5,0.5,0.5,0.5,0.5,0.5,0.5
2094,0.992,0.5,0.5,0.5,0.5,0.5,0.5,0.5,0.5
2095,0.9949,0.5,0.5,0.5,0.5,0.5,0.5,0.5,0.5
2096,0.965,0.5,0.5,0.5,0.5,0.5,0.5,0.5,0.5
2097,0.9956,0.5,0.5,0.5,0.5,0.5,0.5,0.5,0.5
2098,0.9453,0.5,0.5,0.5,0.5,0.5,0.5,0.5,0.5
2099,0.9665,0.5,0.5,0.5,0.5,0.5,0.5,0.5,0.5
2100,0.9669,0.5,0.5,0.5,0.5,0.5,0.5,0.5,0.5
2101,0.9722,0.5,0.5,0.5,0.5,0.5,0.5,0.5,0.5
2102,0.9868,0.5,0.5,0.5,0.5,0.5,0.5,0.5,0.5
2103,0.9784,0.5,0.5,0.5,0.5,0.5,0.5,0.5,0.5
2104,0.9499,0.5,0.5,0.5,0.5,0.5,0.5,0.5,0.5
2105,0.9817,0.5,0.5,0.5,0.5,0.5,0.5,0.5,0.5
2106,0.1072,0.5,0.5,0.5,0.5,0.5,0.5,0.5,0.5
2107,0.9918,0.5,0.5,0.5,0.5,0.5,0.5,0.5,0.5
2108,0.9965,0.5,0.5,0.5,0.5,0.5,0.5,0.5,0.5
2109,0.9898,0.5,0.5,0.5,0.5,0.5,0.5,0.5,0.5
2110,0.9169,0.5,0.5,0.5,0.5,0.5,0.5,0.5,0.5
2111,0.136,0.5,0.5,0.5,0.5,0.5,0.5,0.5,0.5
2112,0.9993,0.5,0.5,0.5,0.5,0.5,0.5,0.5,0.5
2113,0.988,0.5,0.5,0.5,0.5,0.5,0.5,0.5,0.5
2114,0.8351,0.5,0.5,0.5,0.5,0.5,0.5,0.5,0.5
2115,0.0759,0.5,0.5,0.5,0.5,0.5,0.5,0.5,0.5
2116,0.9337,0.5,0.5,0.5,0.5,0.5,0.5,0.5,0.5
2117,0.9777,0.5,0.5,0.5,0.5,0.5,0.5,0.5,0.5
2118,0.9953,0.5,0.5,0.5,0.5,0.5,0.5,0.5,0.5
2119,0.9024,0.5,0.5,0.5,0.5,0.5,0.5,0.5,0.5
2120,0.9937,0.5,0.5,0.5,0.5,0.5,0.5,0.5,0.5
2121,0.9763,0.5,0.5,0.5,0.5,0.5,0.5,0.5,0.5
2122,0.7784,0.5,0.5,0.5,0.5,0.5,0.5,0.5,0.5
2123,0.9952,0.5,0.5,0.5,0.5,0.5,0.5,0.5,0.5
2124,0.7592,0.5,0.5,0.5,0.5,0.5,0.5,0.5,0.5
2125,0.9837,0.5,0.5,0.5,0.5,0.5,0.5,0.5,0.5
2126,0.995,0.5,0.5,0.5,0.5,0.5,0.5,0.5,0.5
2127,0.9476,0.5,0.5,0.5,0.5,0.5,0.5,0.5,0.5
2128,0.9925,0.5,0.5,0.5,0.5,0.5,0.5,0.5,0.5
2129,0.9889,0.5,0.5,0.5,0.5,0.5,0.5,0.5,0.5
2130,0.9969,0.5,0.5,0.5,0.5,0.5,0.5,0.5,0.5
2131,0.9767,0.5,0.5,0.5,0.5,0.5,0.5,0.5,0.5
2132,0.8502,0.5,0.5,0.5,0.5,0.5,0.5,0.5,0.5
2133,0.9962,0.5,0.5,0.5,0.5,0.5,0.5,0.5,0.5
2134,0.9976,0.5,0.5,0.5,0.5,0.5,0.5,0.5,0.5
2135,0.9929,0.5,0.5,0.5,0.5,0.5,0.5,0.5,0.5
2136,0.9902,0.5,0.5,0.5,0.5,0.5,0.5,0.5,0.5
2137,0.9823,0.5,0.5,0.5,0.5,0.5,0.5,0.5,0.5
2138,0.9962,0.5,0.5,0.5,0.5,0.5,0.5,0.5,0.5
2139,0.9909,0.5,0.5,0.5,0.5,0.5,0.5,0.5,0.5
2140,0.9946,0.5,0.5,0.5,0.5,0.5,0.5,0.5,0.5
2141,0.992,0.5,0.5,0.5,0.5,0.5,0.5,0.5,0.5
2142,0.949,0.5,0.5,0.5,0.5,0.5,0.5,0.5,0.5
2143,0.9739,0.5,0.5,0.5,0.5,0.5,0.5,0.5,0.5
2144,0.9911,0.5,0.5,0.5,0.5,0.5,0.5,0.5,0.5
2145,0.9833,0.5,0.5,0.5,0.5,0.5,0.5,0.5,0.5
2146,0.995,0.5,0.5,0.5,0.5,0.5,0.5,0.5,0.5
2147,0.259,0.5,0.5,0.5,0.5,0.5,0.5,0.5,0.5
2148,0.9825,0.5,0.5,0.5,0.5,0.5,0.5,0.5,0.5
2149,0.9958,0.5,0.5,0.5,0.5,0.5,0.5,0.5,0.5
2150,0.9949,0.5,0.5,0.5,0.5,0.5,0.5,0.5,0.5
2151,0.9438,0.5,0.5,0.5,0.5,0.5,0.5,0.5,0.5
2152,0.2919,0.5,0.5,0.5,0.5,0.5,0.5,0.5,0.5
2153,0.1051,0.5,0.5,0.5,0.5,0.5,0.5,0.5,0.5
2154,0.9808,0.5,0.5,0.5,0.5,0.5,0.5,0.5,0.5
2155,0.9394,0.5,0.5,0.5,0.5,0.5,0.5,0.5,0.5
2156,0.8354,0.5,0.5,0.5,0.5,0.5,0.5,0.5,0.5
2157,0.9944,0.5,0.5,0.5,0.5,0.5,0.5,0.5,0.5
2158,0.9766,0.5,0.5,0.5,0.5,0.5,0.5,0.5,0.5
2159,0.9896,0.5,0.5,0.5,0.5,0.5,0.5,0.5,0.5
2160,0.9838,0.5,0.5,0.5,0.5,0.5,0.5,0.5,0.5
2161,0.9874,0.5,0.5,0.5,0.5,0.5,0.5,0.5,0.5
2162,0.2802,0.5,0.5,0.5,0.5,0.5,0.5,0.5,0.5
2163,0.9861,0.5,0.5,0.5,0.5,0.5,0.5,0.5,0.5
2164,0.0782,0.5,0.5,0.5,0.5,0.5,0.5,0.5,0.5
2165,0.9874,0.5,0.5,0.5,0.5,0.5,0.5,0.5,0.5
2166,0.1949,0.5,0.5,0.5,0.5,0.5,0.5,0.5,0.5
2167,0.9827,0.5,0.5,0.5,0.5,0.5,0.5,0.5,0.5
2168,0.9949,0.5,0.5,0.5,0.5,0.5,0.5,0.5,0.5
2169,0.5446,0.5,0.5,0.5,0.5,0.5,0.5,0.5,0.5
2170,0.9683,0.5,0.5,0.5,0.5,0.5,0.5,0.5,0.5
2171,0.9495,0.5,0.5,0.5,0.5,0.5,0.5,0.5,0.5
2172,0.9401,0.5,0.5,0.5,0.5,0.5,0.5,0.5,0.5
2173,0.9655,0.5,0.5,0.5,0.5,0.5,0.5,0.5,0.5
2175,0.9628,0.5,0.5,0.5,0.5,0.5,0.5,0.5,0.5
2176,0.9421,0.5,0.5,0.5,0.5,0.5,0.5,0.5,0.5
2177,0.2403,0.5,0.5,0.5,0.5,0.5,0.5,0.5,0.5
2178,0.9446,0.5,0.5,0.5,0.5,0.5,0.5,0.5,0.5
2179,0.9993,0.5,0.5,0.5,0.5,0.5,0.5,0.5,0.5
2180,0.9903,0.5,0.5,0.5,0.5,0.5,0.5,0.5,0.5
2181,0.9759,0.5,0.5,0.5,0.5,0.5,0.5,0.5,0.5
2183,0.9849,0.5,0.5,0.5,0.5,0.5,0.5,0.5,0.5
2184,0.9672,0.5,0.5,0.5,0.5,0.5,0.5,0.5,0.5
2185,0.8967,0.5,0.5,0.5,0.5,0.5,0.5,0.5,0.5
2186,0.9955,0.5,0.5,0.5,0.5,0.5,0.5,0.5,0.5
2187,0.9573,0.5,0.5,0.5,0.5,0.5,0.5,0.5,0.5
2188,0.9915,0.5,0.5,0.5,0.5,0.5,0.5,0.5,0.5
2189,0.8416,0.5,0.5,0.5,0.5,0.5,0.5,0.5,0.5
2190,0.991,0.5,0.5,0.5,0.5,0.5,0.5,0.5,0.5
2191,0.9731,0.5,0.5,0.5,0.5,0.5,0.5,0.5,0.5
2192,0.9954,0.5,0.5,0.5,0.5,0.5,0.5,0.5,0.5
2193,0.9926,0.5,0.5,0.5,0.5,0.5,0.5,0.5,0.5
2194,0.3531,0.5,0.5,0.5,0.5,0.5,0.5,0.5,0.5
2195,0.4722,0.5,0.5,0.5,0.5,0.5,0.5,0.5,0.5
2196,0.7252,0.5,0.5,0.5,0.5,0.5,0.5,0.5,0.5
2197,0.9921,0.5,0.5,0.5,0.5,0.5,0.5,0.5,0.5
2198,0.3736,0.5,0.5,0.5,0.5,0.5,0.5,0.5,0.5
2199,0.8542,0.5,0.5,0.5,0.5,0.5,0.5,0.5,0.5
2200,0.9384,0.5,0.5,0.5,0.5,0.5,0.5,0.5,0.5
2201,0.8772,0.5,0.5,0.5,0.5,0.5,0.5,0.5,0.5
2202,0.0338,0.5,0.5,0.5,0.5,0.5,0.5,0.5,0.5
2203,0.7775,0.5,0.5,0.5,0.5,0.5,0.5,0.5,0.5
2204,0.9964,0.5,0.5,0.5,0.5,0.5,0.5,0.5,0.5
2205,0.9754,0.5,0.5,0.5,0.5,0.5,0.5,0.5,0.5
2206,0.6277,0.5,0.5,0.5,0.5,0.5,0.5,0.5,0.5
2207,0.9883,0.5,0.5,0.5,0.5,0.5,0.5,0.5,0.5
2208,0.1538,0.5,0.5,0.5,0.5,0.5,0.5,0.5,0.5
2209,0.9497,0.5,0.5,0.5,0.5,0.5,0.5,0.5,0.5
2210,0.9737,0.5,0.5,0.5,0.5,0.5,0.5,0.5,0.5
2211,0.9599,0.5,0.5,0.5,0.5,0.5,0.5,0.5,0.5
2212,0.9431,0.5,0.5,0.5,0.5,0.5,0.5,0.5,0.5
2213,0.9769,0.5,0.5,0.5,0.5,0.5,0.5,0.5,0.5
2214,0.9919,0.5,0.5,0.5,0.5,0.5,0.5,0.5,0.5
2215,0.98,0.5,0.5,0.5,0.5,0.5,0.5,0.5,0.5
2216,0.9871,0.5,0.5,0.5,0.5,0.5,0.5,0.5,0.5
2217,0.9428,0.5,0.5,0.5,0.5,0.5,0.5,0.5,0.5
2218,0.9663,0.5,0.5,0.5,0.5,0.5,0.5,0.5,0.5
2219,0.9937,0.5,0.5,0.5,0.5,0.5,0.5,0.5,0.5
2220,0.9176,0.5,0.5,0.5,0.5,0.5,0.5,0.5,0.5
2221,0.9427,0.5,0.5,0.5,0.5,0.5,0.5,0.5,0.5
2222,0.0784,0.5,0.5,0.5,0.5,0.5,0.5,0.5,0.5
2223,0.965,0.5,0.5,0.5,0.5,0.5,0.5,0.5,0.5
2224,0.9513,0.5,0.5,0.5,0.5,0.5,0.5,0.5,0.5
2225,0.993,0.5,0.5,0.5,0.5,0.5,0.5,0.5,0.5
2226,0.9904,0.5,0.5,0.5,0.5,0.5,0.5,0.5,0.5
2227,0.953,0.5,0.5,0.5,0.5,0.5,0.5,0.5,0.5
2228,0.9286,0.5,0.5,0.5,0.5,0.5,0.5,0.5,0.5
2229,0.9954,0.5,0.5,0.5,0.5,0.5,0.5,0.5,0.5
2230,0.9794,0.5,0.5,0.5,0.5,0.5,0.5,0.5,0.5
2231,0.9823,0.5,0.5,0.5,0.5,0.5,0.5,0.5,0.5
2232,0.8936,0.5,0.5,0.5,0.5,0.5,0.5,0.5,0.5
2233,0.9716,0.5,0.5,0.5,0.5,0.5,0.5,0.5,0.5
2234,0.9092,0.5,0.5,0.5,0.5,0.5,0.5,0.5,0.5
2235,0.9288,0.5,0.5,0.5,0.5,0.5,0.5,0.5,0.5
2236,0.991,0.5,0.5,0.5,0.5,0.5,0.5,0.5,0.5
2237,0.5272,0.5,0.5,0.5,0.5,0.5,0.5,0.5,0.5
2238,0.9883,0.5,0.5,0.5,0.5,0.5,0.5,0.5,0.5
2239,0.1069,0.5,0.5,0.5,0.5,0.5,0.5,0.5,0.5
2240,0.0295,0.5,0.5,0.5,0.5,0.5,0.5,0.5,0.5
2241,0.9821,0.5,0.5,0.5,0.5,0.5,0.5,0.5,0.5
2243,0.2743,0.5,0.5,0.5,0.5,0.5,0.5,0.5,0.5
2244,0.963,0.5,0.5,0.5,0.5,0.5,0.5,0.5,0.5
2245,0.9937,0.5,0.5,0.5,0.5,0.5,0.5,0.5,0.5
2246,0.9667,0.5,0.5,0.5,0.5,0.5,0.5,0.5,0.5
2247,0.9712,0.5,0.5,0.5,0.5,0.5,0.5,0.5,0.5
2248,0.9934,0.5,0.5,0.5,0.5,0.5,0.5,0.5,0.5
2249,0.9773,0.5,0.5,0.5,0.5,0.5,0.5,0.5,0.5
2250,0.9924,0.5,0.5,0.5,0.5,0.5,0.5,0.5,0.5
2251,0.8305,0.5,0.5,0.5,0.5,0.5,0.5,0.5,0.5
2252,0.9213,0.5,0.5,0.5,0.5,0.5,0.5,0.5,0.5
2253,0.99,0.5,0.5,0.5,0.5,0.5,0.5,0.5,0.5
2254,0.2441,0.5,0.5,0.5,0.5,0.5,0.5,0.5,0.5
2255,0.9657,0.5,0.5,0.5,0.5,0.5,0.5,0.5,0.5
2256,0.9836,0.5,0.5,0.5,0.5,0.5,0.5,0.5,0.5
2257,0.3012,0.5,0.5,0.5,0.5,0.5,0.5,0.5,0.5
2258,0.9915,0.5,0.5,0.5,0.5,0.5,0.5,0.5,0.5
2259,0.9812,0.5,0.5,0.5,0.5,0.5,0.5,0.5,0.5
2260,0.9357,0.5,0.5,0.5,0.5,0.5,0.5,0.5,0.5
2261,0.9484,0.5,0.5,0.5,0.5,0.5,0.5,0.5,0.5
2262,0.9661,0.5,0.5,0.5,0.5,0.5,0.5,0.5,0.5
2263,0.9936,0.5,0.5,0.5,0.5,0.5,0.5,0.5,0.5
2264,0.3903,0.5,0.5,0.5,0.5,0.5,0.5,0.5,0.5
2265,0.9831,0.5,0.5,0.5,0.5,0.5,0.5,0.5,0.5
2266,0.9872,0.5,0.5,0.5,0.5,0.5,0.5,0.5,0.5
2267,0.8737,0.5,0.5,0.5,0.5,0.5,0.5,0.5,0.5
2268,0.8403,0.5,0.5,0.5,0.5,0.5,0.5,0.5,0.5
2269,0.7755,0.5,0.5,0.5,0.5,0.5,0.5,0.5,0.5
2270,0.9933,0.5,0.5,0.5,0.5,0.5,0.5,0.5,0.5
2271,0.6038,0.5,0.5,0.5,0.5,0.5,0.5,0.5,0.5
2272,0.9883,0.5,0.5,0.5,0.5,0.5,0.5,0.5,0.5
2273,0.9436,0.5,0.5,0.5,0.5,0.5,0.5,0.5,0.5
2274,0.9043,0.5,0.5,0.5,0.5,0.5,0.5,0.5,0.5
2275,0.4309,0.5,0.5,0.5,0.5,0.5,0.5,0.5,0.5
2276,0.9897,0.5,0.5,0.5,0.5,0.5,0.5,0.5,0.5
2277,0.993,0.5,0.5,0.5,0.5,0.5,0.5,0.5,0.5
2278,0.9928,0.5,0.5,0.5,0.5,0.5,0.5,0.5,0.5
2279,0.1633,0.5,0.5,0.5,0.5,0.5,0.5,0.5,0.5
2280,0.9951,0.5,0.5,0.5,0.5,0.5,0.5,0.5,0.5
2281,0.9942,0.5,0.5,0.5,0.5,0.5,0.5,0.5,0.5
2282,0.984,0.5,0.5,0.5,0.5,0.5,0.5,0.5,0.5
2283,0.0799,0.5,0.5,0.5,0.5,0.5,0.5,0.5,0.5
2284,0.979,0.5,0.5,0.5,0.5,0.5,0.5,0.5,0.5
2285,0.9663,0.5,0.5,0.5,0.5,0.5,0.5,0.5,0.5
2286,0.3384,0.5,0.5,0.5,0.5,0.5,0.5,0.5,0.5
2287,0.9544,0.5,0.5,0.5,0.5,0.5,0.5,0.5,0.5
2288,0.9725,0.5,0.5,0.5,0.5,0.5,0.5,0.5,0.5
2289,0.975,0.5,0.5,0.5,0.5,0.5,0.5,0.5,0.5
2290,0.4522,0.5,0.5,0.5,0.5,0.5,0.5,0.5,0.5
2291,0.9207,0.5,0.5,0.5,0.5,0.5,0.5,0.5,0.5
2292,0.994,0.5,0.5,0.5,0.5,0.5,0.5,0.5,0.5
2293,0.1585,0.5,0.5,0.5,0.5,0.5,0.5,0.5,0.5
2294,0.9894,0.5,0.5,0.5,0.5,0.5,0.5,0.5,0.5
2295,0.9952,0.5,0.5,0.5,0.5,0.5,0.5,0.5,0.5
2296,0.9579,0.5,0.5,0.5,0.5,0.5,0.5,0.5,0.5
2297,0.9954,0.5,0.5,0.5,0.5,0.5,0.5,0.5,0.5
2298,0.888,0.5,0.5,0.5,0.5,0.5,0.5,0.5,0.5
2299,0.9758,0.5,0.5,0.5,0.5,0.5,0.5,0.5,0.5
2300,0.9938,0.5,0.5,0.5,0.5,0.5,0.5,0.5,0.5
2301,0.961,0.5,0.5,0.5,0.5,0.5,0.5,0.5,0.5
2302,0.9753,0.5,0.5,0.5,0.5,0.5,0.5,0.5,0.5
2303,0.9907,0.5,0.5,0.5,0.5,0.5,0.5,0.5,0.5
2304,0.9474,0.5,0.5,0.5,0.5,0.5,0.5,0.5,0.5
2305,0.9833,0.5,0.5,0.5,0.5,0.5,0.5,0.5,0.5
2307,0.9842,0.5,0.5,0.5,0.5,0.5,0.5,0.5,0.5
2308,0.9916,0.5,0.5,0.5,0.5,0.5,0.5,0.5,0.5
2309,0.9897,0.5,0.5,0.5,0.5,0.5,0.5,0.5,0.5
2310,0.9822,0.5,0.5,0.5,0.5,0.5,0.5,0.5,0.5
2311,0.9828,0.5,0.5,0.5,0.5,0.5,0.5,0.5,0.5
2312,0.1944,0.5,0.5,0.5,0.5,0.5,0.5,0.5,0.5
2313,0.9949,0.5,0.5,0.5,0.5,0.5,0.5,0.5,0.5
2314,0.7695,0.5,0.5,0.5,0.5,0.5,0.5,0.5,0.5
2315,0.0143,0.5,0.5,0.5,0.5,0.5,0.5,0.5,0.5
2316,0.9895,0.5,0.5,0.5,0.5,0.5,0.5,0.5,0.5
2317,0.979,0.5,0.5,0.5,0.5,0.5,0.5,0.5,0.5
2318,0.9968,0.5,0.5,0.5,0.5,0.5,0.5,0.5,0.5
2319,0.9869,0.5,0.5,0.5,0.5,0.5,0.5,0.5,0.5
2320,0.9772,0.5,0.5,0.5,0.5,0.5,0.5,0.5,0.5
2321,0.994,0.5,0.5,0.5,0.5,0.5,0.5,0.5,0.5
2322,0.8249,0.5,0.5,0.5,0.5,0.5,0.5,0.5,0.5
2323,0.9974,0.5,0.5,0.5,0.5,0.5,0.5,0.5,0.5
2324,0.9813,0.5,0.5,0.5,0.5,0.5,0.5,0.5,0.5
2325,0.2569,0.5,0.5,0.5,0.5,0.5,0.5,0.5,0.5
2326,0.9646,0.5,0.5,0.5,0.5,0.5,0.5,0.5,0.5
2327,0.9834,0.5,0.5,0.5,0.5,0.5,0.5,0.5,0.5
2328,0.989,0.5,0.5,0.5,0.5,0.5,0.5,0.5,0.5
2329,0.0691,0.5,0.5,0.5,0.5,0.5,0.5,0.5,0.5
2330,0.9947,0.5,0.5,0.5,0.5,0.5,0.5,0.5,0.5
2331,0.997,0.5,0.5,0.5,0.5,0.5,0.5,0.5,0.5
2332,0.7931,0.5,0.5,0.5,0.5,0.5,0.5,0.5,0.5
2333,0.2082,0.5,0.5,0.5,0.5,0.5,0.5,0.5,0.5
2334,0.9644,0.5,0.5,0.5,0.5,0.5,0.5,0.5,0.5
2335,0.5321,0.5,0.5,0.5,0.5,0.5,0.5,0.5,0.5
2336,0.9951,0.5,0.5,0.5,0.5,0.5,0.5,0.5,0.5
2337,0.9407,0.5,0.5,0.5,0.5,0.5,0.5,0.5,0.5
2338,0.9802,0.5,0.5,0.5,0.5,0.5,0.5,0.5,0.5
2339,0.4437,0.5,0.5,0.5,0.5,0.5,0.5,0.5,0.5
2340,0.9974,0.5,0.5,0.5,0.5,0.5,0.5,0.5,0.5
2341,0.9957,0.5,0.5,0.5,0.5,0.5,0.5,0.5,0.5
2342,0.8957,0.5,0.5,0.5,0.5,0.5,0.5,0.5,0.5
2343,0.9893,0.5,0.5,0.5,0.5,0.5,0.5,0.5,0.5
2344,0.6012,0.5,0.5,0.5,0.5,0.5,0.5,0.5,0.5
2345,0.9852,0.5,0.5,0.5,0.5,0.5,0.5,0.5,0.5
2346,0.9908,0.5,0.5,0.5,0.5,0.5,0.5,0.5,0.5
2347,0.8909,0.5,0.5,0.5,0.5,0.5,0.5,0.5,0.5
2348,0.8877,0.5,0.5,0.5,0.5,0.5,0.5,0.5,0.5
2349,0.8356,0.5,0.5,0.5,0.5,0.5,0.5,0.5,0.5
2350,0.9874,0.5,0.5,0.5,0.5,0.5,0.5,0.5,0.5
2351,0.9786,0.5,0.5,0.5,0.5,0.5,0.5,0.5,0.5
2352,0.3737,0.5,0.5,0.5,0.5,0.5,0.5,0.5,0.5
2353,0.9963,0.5,0.5,0.5,0.5,0.5,0.5,0.5,0.5
2354,0.885,0.5,0.5,0.5,0.5,0.5,0.5,0.5,0.5
2355,0.9633,0.5,0.5,0.5,0.5,0.5,0.5,0.5,0.5
2356,0.9945,0.5,0.5,0.5,0.5,0.5,0.5,0.5,0.5
2357,0.9748,0.5,0.5,0.5,0.5,0.5,0.5,0.5,0.5
2358,0.8863,0.5,0.5,0.5,0.5,0.5,0.5,0.5,0.5
2359,0.9712,0.5,0.5,0.5,0.5,0.5,0.5,0.5,0.5
2360,0.9211,0.5,0.5,0.5,0.5,0.5,0.5,0.5,0.5
2361,0.1754,0.5,0.5,0.5,0.5,0.5,0.5,0.5,0.5
2362,0.7622,0.5,0.5,0.5,0.5,0.5,0.5,0.5,0.5
2363,0.9834,0.5,0.5,0.5,0.5,0.5,0.5,0.5,0.5
2364,0.9965,0.5,0.5,0.5,0.5,0.5,0.5,0.5,0.5
2365,0.9808,0.5,0.5,0.5,0.5,0.5,0.5,0.5,0.5
2366,0.9896,0.5,0.5,0.5,0.5,0.5,0.5,0.5,0.5
2367,0.9944,0.5,0.5,0.5,0.5,0.5,0.5,0.5,0.5
2368,0.9984,0.5,0.5,0.5,0.5,0.5,0.5,0.5,0.5
2369,0.9823,0.5,0.5,0.5,0.5,0.5,0.5,0.5,0.5
2370,0.8498,0.5,0.5,0.5,0.5,0.5,0.5,0.5,0.5
2371,0.9917,0.5,0.5,0.5,0.5,0.5,0.5,0.5,0.5
2372,0.9304,0.5,0.5,0.5,0.5,0.5,0.5,0.5,0.5
2373,0.9705,0.5,0.5,0.5,0.5,0.5,0.5,0.5,0.5
2374,0.9568,0.5,0.5,0.5,0.5,0.5,0.5,0.5,0.5
2375,0.8986,0.5,0.5,0.5,0.5,0.5,0.5,0.5,0.5
2376,0.9956,0.5,0.5,0.5,0.5,0.5,0.5,0.5,0.5
2377,0.968,0.5,0.5,0.5,0.5,0.5,0.5,0.5,0.5
2378,0.9884,0.5,0.5,0.5,0.5,0.5,0.5,0.5,0.5
2379,0.8787,0.5,0.5,0.5,0.5,0.5,0.5,0.5,0.5
2380,0.9767,0.5,0.5,0.5,0.5,0.5,0.5,0.5,0.5
2381,0.2991,0.5,0.5,0.5,0.5,0.5,0.5,0.5,0.5
2382,0.9732,0.5,0.5,0.5,0.5,0.5,0.5,0.5,0.5
2383,0.6009,0.5,0.5,0.5,0.5,0.5,0.5,0.5,0.5
2384,0.991,0.5,0.5,0.5,0.5,0.5,0.5,0.5,0.5
2385,0.9523,0.5,0.5,0.5,0.5,0.5,0.5,0.5,0.5
2386,0.9937,0.5,0.5,0.5,0.5,0.5,0.5,0.5,0.5
2387,0.515,0.5,0.5,0.5,0.5,0.5,0.5,0.5,0.5
2388,0.8942,0.5,0.5,0.5,0.5,0.5,0.5,0.5,0.5
2389,0.8669,0.5,0.5,0.5,0.5,0.5,0.5,0.5,0.5
2390,0.9563,0.5,0.5,0.5,0.5,0.5,0.5,0.5,0.5
2391,0.6713,0.5,0.5,0.5,0.5,0.5,0.5,0.5,0.5
2392,0.3586,0.5,0.5,0.5,0.5,0.5,0.5,0.5,0.5
2393,0.9847,0.5,0.5,0.5,0.5,0.5,0.5,0.5,0.5
2394,0.9753,0.5,0.5,0.5,0.5,0.5,0.5,0.5,0.5
2395,0.9799,0.5,0.5,0.5,0.5,0.5,0.5,0.5,0.5
2396,0.8913,0.5,0.5,0.5,0.5,0.5,0.5,0.5,0.5
2397,0.9903,0.5,0.5,0.5,0.5,0.5,0.5,0.5,0.5
2398,0.9386,0.5,0.5,0.5,0.5,0.5,0.5,0.5,0.5
2399,0.8202,0.5,0.5,0.5,0.5,0.5,0.5,0.5,0.5
2400,0.9972,0.5,0.5,0.5,0.5,0.5,0.5,0.5,0.5
2401,0.0773,0.5,0.5,0.5,0.5,0.5,0.5,0.5,0.5
2402,0.9935,0.5,0.5,0.5,0.5,0.5,0.5,0.5,0.5
2403,0.9952,0.5,0.5,0.5,0.5,0.5,0.5,0.5,0.5
2404,0.9977,0.5,0.5,0.5,0.5,0.5,0.5,0.5,0.5
2405,0.3552,0.5,0.5,0.5,0.5,0.5,0.5,0.5,0.5
2406,0.9695,0.5,0.5,0.5,0.5,0.5,0.5,0.5,0.5
2407,0.9352,0.5,0.5,0.5,0.5,0.5,0.5,0.5,0.5
2408,0.9636,0.5,0.5,0.5,0.5,0.5,0.5,0.5,0.5
2409,0.9973,0.5,0.5,0.5,0.5,0.5,0.5,0.5,0.5
2410,0.7836,0.5,0.5,0.5,0.5,0.5,0.5,0.5,0.5
2411,0.9982,0.5,0.5,0.5,0.5,0.5,0.5,0.5,0.5
2412,0.8961,0.5,0.5,0.5,0.5,0.5,0.5,0.5,0.5
2413,0.9684,0.5,0.5,0.5,0.5,0.5,0.5,0.5,0.5
2414,0.9374,0.5,0.5,0.5,0.5,0.5,0.5,0.5,0.5
2415,0.991,0.5,0.5,0.5,0.5,0.5,0.5,0.5,0.5
2416,0.0129,0.5,0.5,0.5,0.5,0.5,0.5,0.5,0.5
2417,0.9828,0.5,0.5,0.5,0.5,0.5,0.5,0.5,0.5
2418,0.8332,0.5,0.5,0.5,0.5,0.5,0.5,0.5,0.5
2419,0.996,0.5,0.5,0.5,0.5,0.5,0.5,0.5,0.5
2420,0.9576,0.5,0.5,0.5,0.5,0.5,0.5,0.5,0.5
2421,0.0225,0.5,0.5,0.5,0.5,0.5,0.5,0.5,0.5
2422,0.989,0.5,0.5,0.5,0.5,0.5,0.5,0.5,0.5
2423,0.954,0.5,0.5,0.5,0.5,0.5,0.5,0.5,0.5
2424,0.969,0.5,0.5,0.5,0.5,0.5,0.5,0.5,0.5
2425,0.785,0.5,0.5,0.5,0.5,0.5,0.5,0.5,0.5
2426,0.9754,0.5,0.5,0.5,0.5,0.5,0.5,0.5,0.5
2427,0.9974,0.5,0.5,0.5,0.5,0.5,0.5,0.5,0.5
2429,0.9698,0.5,0.5,0.5,0.5,0.5,0.5,0.5,0.5
2430,0.9885,0.5,0.5,0.5,0.5,0.5,0.5,0.5,0.5
2431,0.9689,0.5,0.5,0.5,0.5,0.5,0.5,0.5,0.5
2432,0.9937,0.5,0.5,0.5,0.5,0.5,0.5,0.5,0.5
2433,0.992,0.5,0.5,0.5,0.5,0.5,0.5,0.5,0.5
2434,0.9508,0.5,0.5,0.5,0.5,0.5,0.5,0.5,0.5
2435,0.9533,0.5,0.5,0.5,0.5,0.5,0.5,0.5,0.5
2436,0.9933,0.5,0.5,0.5,0.5,0.5,0.5,0.5,0.5
2437,0.0457,0.5,0.5,0.5,0.5,0.5,0.5,0.5,0.5
2438,0.8589,0.5,0.5,0.5,0.5,0.5,0.5,0.5,0.5
2439,0.9964,0.5,0.5,0.5,0.5,0.5,0.5,0.5,0.5
2440,0.9309,0.5,0.5,0.5,0.5,0.5,0.5,0.5,0.5
2441,0.7344,0.5,0.5,0.5,0.5,0.5,0.5,0.5,0.5
2442,0.9926,0.5,0.5,0.5,0.5,0.5,0.5,0.5,0.5
2443,0.8301,0.5,0.5,0.5,0.5,0.5,0.5,0.5,0.5
2444,0.9756,0.5,0.5,0.5,0.5,0.5,0.5,0.5,0.5
2445,0.9708,0.5,0.5,0.5,0.5,0.5,0.5,0.5,0.5
2446,0.4309,0.5,0.5,0.5,0.5,0.5,0.5,0.5,0.5
2447,0.9587,0.5,0.5,0.5,0.5,0.5,0.5,0.5,0.5
2448,0.9615,0.5,0.5,0.5,0.5,0.5,0.5,0.5,0.5
2449,0.9799,0.5,0.5,0.5,0.5,0.5,0.5,0.5,0.5
2450,0.9797,0.5,0.5,0.5,0.5,0.5,0.5,0.5,0.5
2451,0.8894,0.5,0.5,0.5,0.5,0.5,0.5,0.5,0.5
2452,0.7815,0.5,0.5,0.5,0.5,0.5,0.5,0.5,0.5
2453,0.1288,0.5,0.5,0.5,0.5,0.5,0.5,0.5,0.5
2454,0.8928,0.5,0.5,0.5,0.5,0.5,0.5,0.5,0.5
2455,0.9927,0.5,0.5,0.5,0.5,0.5,0.5,0.5,0.5
2456,0.9943,0.5,0.5,0.5,0.5,0.5,0.5,0.5,0.5
2457,0.9928,0.5,0.5,0.5,0.5,0.5,0.5,0.5,0.5
2458,0.9519,0.5,0.5,0.5,0.5,0.5,0.5,0.5,0.5
2459,0.993,0.5,0.5,0.5,0.5,0.5,0.5,0.5,0.5
2460,0.9867,0.5,0.5,0.5,0.5,0.5,0.5,0.5,0.5
2461,0.9921,0.5,0.5,0.5,0.5,0.5,0.5,0.5,0.5
2462,0.9954,0.5,0.5,0.5,0.5,0.5,0.5,0.5,0.5
2463,0.9861,0.5,0.5,0.5,0.5,0.5,0.5,0.5,0.5
2464,0.9882,0.5,0.5,0.5,0.5,0.5,0.5,0.5,0.5
2465,0.8621,0.5,0.5,0.5,0.5,0.5,0.5,0.5,0.5
2466,0.9494,0.5,0.5,0.5,0.5,0.5,0.5,0.5,0.5
2467,0.7817,0.5,0.5,0.5,0.5,0.5,0.5,0.5,0.5
2468,0.9954,0.5,0.5,0.5,0.5,0.5,0.5,0.5,0.5
2469,0.9887,0.5,0.5,0.5,0.5,0.5,0.5,0.5,0.5
2470,0.9625,0.5,0.5,0.5,0.5,0.5,0.5,0.5,0.5
2471,0.9359,0.5,0.5,0.5,0.5,0.5,0.5,0.5,0.5
2472,0.9953,0.5,0.5,0.5,0.5,0.5,0.5,0.5,0.5
2473,0.8634,0.5,0.5,0.5,0.5,0.5,0.5,0.5,0.5
2474,0.9747,0.5,0.5,0.5,0.5,0.5,0.5,0.5,0.5
2475,0.9894,0.5,0.5,0.5,0.5,0.5,0.5,0.5,0.5
2476,0.9925,0.5,0.5,0.5,0.5,0.5,0.5,0.5,0.5
2477,0.9832,0.5,0.5,0.5,0.5,0.5,0.5,0.5,0.5
2478,0.6436,0.5,0.5,0.5,0.5,0.5,0.5,0.5,0.5
2479,0.012,0.5,0.5,0.5,0.5,0.5,0.5,0.5,0.5
2480,0.9883,0.5,0.5,0.5,0.5,0.5,0.5,0.5,0.5
2481,0.952,0.5,0.5,0.5,0.5,0.5,0.5,0.5,0.5
2482,0.9935,0.5,0.5,0.5,0.5,0.5,0.5,0.5,0.5
2483,0.993,0.5,0.5,0.5,0.5,0.5,0.5,0.5,0.5
2484,0.9962,0.5,0.5,0.5,0.5,0.5,0.5,0.5,0.5
2485,0.945,0.5,0.5,0.5,0.5,0.5,0.5,0.5,0.5
2486,0.9953,0.5,0.5,0.5,0.5,0.5,0.5,0.5,0.5
2487,0.9678,0.5,0.5,0.5,0.5,0.5,0.5,0.5,0.5
2488,0.9963,0.5,0.5,0.5,0.5,0.5,0.5,0.5,0.5
2489,0.9936,0.5,0.5,0.5,0.5,0.5,0.5,0.5,0.5
2490,0.9856,0.5,0.5,0.5,0.5,0.5,0.5,0.5,0.5
2491,0.9242,0.5,0.5,0.5,0.5,0.5,0.5,0.5,0.5
2492,0.7337,0.5,0.5,0.5,0.5,0.5,0.5,0.5,0.5
2493,0.99,0.5,0.5,0.5,0.5,0.5,0.5,0.5,0.5
2494,0.7229,0.5,0.5,0.5,0.5,0.5,0.5,0.5,0.5
2495,0.2598,0.5,0.5,0.5,0.5,0.5,0.5,0.5,0.5
2496,0.9959,0.5,0.5,0.5,0.5,0.5,0.5,0.5,0.5
2497,0.9941,0.5,0.5,0.5,0.5,0.5,0.5,0.5,0.5
2498,0.9979,0.5,0.5,0.5,0.5,0.5,0.5,0.5,0.5
2499,0.7818,0.5,0.5,0.5,0.5,0.5,0.5,0.5,0.5
2500,0.991,0.5,0.5,0.5,0.5,0.5,0.5,0.5,0.5
2501,0.863,0.5,0.5,0.5,0.5,0.5,0.5,0.5,0.5
2502,0.6961,0.5,0.5,0.5,0.5,0.5,0.5,0.5,0.5
2503,0.7357,0.5,0.5,0.5,0.5,0.5,0.5,0.5,0.5
2504,0.9783,0.5,0.5,0.5,0.5,0.5,0.5,0.5,0.5
2505,0.981,0.5,0.5,0.5,0.5,0.5,0.5,0.5,0.5
2506,0.9932,0.5,0.5,0.5,0.5,0.5,0.5,0.5,0.5
2507,0.0638,0.5,0.5,0.5,0.5,0.5,0.5,0.5,0.5
2508,0.8198,0.5,0.5,0.5,0.5,0.5,0.5,0.5,0.5
2509,0.2614,0.5,0.5,0.5,0.5,0.5,0.5,0.5,0.5
2510,0.954,0.5,0.5,0.5,0.5,0.5,0.5,0.5,0.5
2511,0.9157,0.5,0.5,0.5,0.5,0.5,0.5,0.5,0.5
2512,0.8999,0.5,0.5,0.5,0.5,0.5,0.5,0.5,0.5
2513,0.9796,0.5,0.5,0.5,0.5,0.5,0.5,0.5,0.5
2514,0.2228,0.5,0.5,0.5,0.5,0.5,0.5,0.5,0.5
2515,0.9721,0.5,0.5,0.5,0.5,0.5,0.5,0.5,0.5
2516,0.7734,0.5,0.5,0.5,0.5,0.5,0.5,0.5,0.5
2517,0.9842,0.5,0.5,0.5,0.5,0.5,0.5,0.5,0.5
2518,0.9172,0.5,0.5,0.5,0.5,0.5,0.5,0.5,0.5
2519,0.9803,0.5,0.5,0.5,0.5,0.5,0.5,0.5,0.5
2520,0.7527,0.5,0.5,0.5,0.5,0.5,0.5,0.5,0.5
2521,0.9871,0.5,0.5,0.5,0.5,0.5,0.5,0.5,0.5
2522,0.9683,0.5,0.5,0.5,0.5,0.5,0.5,0.5,0.5
2523,0.9182,0.5,0.5,0.5,0.5,0.5,0.5,0.5,0.5
2524,0.9805,0.5,0.5,0.5,0.5,0.5,0.5,0.5,0.5
2525,0.993,0.5,0.5,0.5,0.5,0.5,0.5,0.5,0.5
2526,0.9975,0.5,0.5,0.5,0.5,0.5,0.5,0.5,0.5
2527,0.9949,0.5,0.5,0.5,0.5,0.5,0.5,0.5,0.5
2528,0.9292,0.5,0.5,0.5,0.5,0.5,0.5,0.5,0.5
2529,0.993,0.5,0.5,0.5,0.5,0.5,0.5,0.5,0.5
2530,0.9692,0.5,0.5,0.5,0.5,0.5,0.5,0.5,0.5
2531,0.9218,0.5,0.5,0.5,0.5,0.5,0.5,0.5,0.5
2532,0.996,0.5,0.5,0.5,0.5,0.5,0.5,0.5,0.5
2533,0.9983,0.5,0.5,0.5,0.5,0.5,0.5,0.5,0.5
2534,0.385,0.5,0.5,0.5,0.5,0.5,0.5,0.5,0.5
2535,0.9896,0.5,0.5,0.5,0.5,0.5,0.5,0.5,0.5
2536,0.9206,0.5,0.5,0.5,0.5,0.5,0.5,0.5,0.5
2537,0.9978,0.5,0.5,0.5,0.5,0.5,0.5,0.5,0.5
2538,0.9777,0.5,0.5,0.5,0.5,0.5,0.5,0.5,0.5
2539,0.9644,0.5,0.5,0.5,0.5,0.5,0.5,0.5,0.5
2540,0.9505,0.5,0.5,0.5,0.5,0.5,0.5,0.5,0.5
2541,0.9898,0.5,0.5,0.5,0.5,0.5,0.5,0.5,0.5
2542,0.9654,0.5,0.5,0.5,0.5,0.5,0.5,0.5,0.5
2543,0.999,0.5,0.5,0.5,0.5,0.5,0.5,0.5,0.5
2544,0.9847,0.5,0.5,0.5,0.5,0.5,0.5,0.5,0.5
2545,0.967,0.5,0.5,0.5,0.5,0.5,0.5,0.5,0.5
2546,0.9496,0.5,0.5,0.5,0.5,0.5,0.5,0.5,0.5
2547,0.8959,0.5,0.5,0.5,0.5,0.5,0.5,0.5,0.5
2548,0.9477,0.5,0.5,0.5,0.5,0.5,0.5,0.5,0.5
2549,0.8888,0.5,0.5,0.5,0.5,0.5,0.5,0.5,0.5
2550,0.0637,0.5,0.5,0.5,0.5,0.5,0.5,0.5,0.5
2551,0.9594,0.5,0.5,0.5,0.5,0.5,0.5,0.5,0.5
2552,0.9532,0.5,0.5,0.5,0.5,0.5,0.5,0.5,0.5
2553,0.9798,0.5,0.5,0.5,0.5,0.5,0.5,0.5,0.5
2554,0.3051,0.5,0.5,0.5,0.5,0.5,0.5,0.5,0.5
2555,0.9622,0.5,0.5,0.5,0.5,0.5,0.5,0.5,0.5
2556,0.9914,0.5,0.5,0.5,0.5,0.5,0.5,0.5,0.5
2557,0.9647,0.5,0.5,0.5,0.5,0.5,0.5,0.5,0.5
2558,0.0407,0.5,0.5,0.5,0.5,0.5,0.5,0.5,0.5
2559,0.8964,0.5,0.5,0.5,0.5,0.5,0.5,0.5,0.5
2560,0.9332,0.5,0.5,0.5,0.5,0.5,0.5,0.5,0.5
2561,0.8268,0.5,0.5,0.5,0.5,0.5,0.5,0.5,0.5
2562,0.9669,0.5,0.5,0.5,0.5,0.5,0.5,0.5,0.5
2563,0.9816,0.5,0.5,0.5,0.5,0.5,0.5,0.5,0.5
2564,0.9978,0.5,0.5,0.5,0.5,0.5,0.5,0.5,0.5
2565,0.1563,0.5,0.5,0.5,0.5,0.5,0.5,0.5,0.5
2566,0.955,0.5,0.5,0.5,0.5,0.5,0.5,0.5,0.5
2567,0.6947,0.5,0.5,0.5,0.5,0.5,0.5,0.5,0.5
2568,0.9885,0.5,0.5,0.5,0.5,0.5,0.5,0.5,0.5
2569,0.9598,0.5,0.5,0.5,0.5,0.5,0.5,0.5,0.5
2570,0.9977,0.5,0.5,0.5,0.5,0.5,0.5,0.5,0.5
2571,0.9912,0.5,0.5,0.5,0.5,0.5,0.5,0.5,0.5
2572,0.9954,0.5,0.5,0.5,0.5,0.5,0.5,0.5,0.5
2573,0.443,0.5,0.5,0.5,0.5,0.5,0.5,0.5,0.5
2574,0.0105,0.5,0.5,0.5,0.5,0.5,0.5,0.5,0.5
2575,0.5873,0.5,0.5,0.5,0.5,0.5,0.5,0.5,0.5
2576,0.9761,0.5,0.5,0.5,0.5,0.5,0.5,0.5,0.5
2577,0.0298,0.5,0.5,0.5,0.5,0.5,0.5,0.5,0.5
2578,0.2559,0.5,0.5,0.5,0.5,0.5,0.5,0.5,0.5
2579,0.1206,0.5,0.5,0.5,0.5,0.5,0.5,0.5,0.5
2580,0.2218,0.5,0.5,0.5,0.5,0.5,0.5,0.5,0.5
2581,0.9814,0.5,0.5,0.5,0.5,0.5,0.5,0.5,0.5
2582,0.9909,0.5,0.5,0.5,0.5,0.5,0.5,0.5,0.5
2583,0.9874,0.5,0.5,0.5,0.5,0.5,0.5,0.5,0.5
2584,0.9892,0.5,0.5,0.5,0.5,0.5,0.5,0.5,0.5
2585,0.9964,0.5,0.5,0.5,0.5,0.5,0.5,0.5,0.5
2586,0.9949,0.5,0.5,0.5,0.5,0.5,0.5,0.5,0.5
2587,0.8281,0.5,0.5,0.5,0.5,0.5,0.5,0.5,0.5
2588,0.9935,0.5,0.5,0.5,0.5,0.5,0.5,0.5,0.5
2589,0.8074,0.5,0.5,0.5,0.5,0.5,0.5,0.5,0.5
2590,0.9654,0.5,0.5,0.5,0.5,0.5,0.5,0.5,0.5
2591,0.9982,0.5,0.5,0.5,0.5,0.5,0.5,0.5,0.5
2592,0.9752,0.5,0.5,0.5,0.5,0.5,0.5,0.5,0.5
2593,0.9757,0.5,0.5,0.5,0.5,0.5,0.5,0.5,0.5
2594,0.805,0.5,0.5,0.5,0.5,0.5,0.5,0.5,0.5
2595,0.9669,0.5,0.5,0.5,0.5,0.5,0.5,0.5,0.5
2596,0.9758,0.5,0.5,0.5,0.5,0.5,0.5,0.5,0.5
2597,0.9722,0.5,0.5,0.5,0.5,0.5,0.5,0.5,0.5
2598,0.8603,0.5,0.5,0.5,0.5,0.5,0.5,0.5,0.5
2599,0.9951,0.5,0.5,0.5,0.5,0.5,0.5,0.5,0.5
2600,0.9906,0.5,0.5,0.5,0.5,0.5,0.5,0.5,0.5
2601,0.1588,0.5,0.5,0.5,0.5,0.5,0.5,0.5,0.5
2602,0.9463,0.5,0.5,0.5,0.5,0.5,0.5,0.5,0.5
2603,0.9934,0.5,0.5,0.5,0.5,0.5,0.5,0.5,0.5
2604,0.7761,0.5,0.5,0.5,0.5,0.5,0.5,0.5,0.5
2605,0.9689,0.5,0.5,0.5,0.5,0.5,0.5,0.5,0.5
2606,0.9533,0.5,0.5,0.5,0.5,0.5,0.5,0.5,0.5
2607,0.9595,0.5,0.5,0.5,0.5,0.5,0.5,0.5,0.5
2608,0.9944,0.5,0.5,0.5,0.5,0.5,0.5,0.5,0.5
2609,0.9935,0.5,0.5,0.5,0.5,0.5,0.5,0.5,0.5
2610,0.9749,0.5,0.5,0.5,0.5,0.5,0.5,0.5,0.5
2611,0.9963,0.5,0.5,0.5,0.5,0.5,0.5,0.5,0.5
2612,0.9645,0.5,0.5,0.5,0.5,0.5,0.5,0.5,0.5
2613,0.962,0.5,0.5,0.5,0.5,0.5,0.5,0.5,0.5
2614,0.9751,0.5,0.5,0.5,0.5,0.5,0.5,0.5,0.5
2615,0.9983,0.5,0.5,0.5,0.5,0.5,0.5,0.5,0.5
2616,0.9678,0.5,0.5,0.5,0.5,0.5,0.5,0.5,0.5
2617,0.8952,0.5,0.5,0.5,0.5,0.5,0.5,0.5,0.5
2618,0.7262,0.5,0.5,0.5,0.5,0.5,0.5,0.5,0.5
2619,0.9383,0.5,0.5,0.5,0.5,0.5,0.5,0.5,0.5
2620,0.366,0.5,0.5,0.5,0.5,0.5,0.5,0.5,0.5
2621,0.5768,0.5,0.5,0.5,0.5,0.5,0.5,0.5,0.5
2622,0.7178,0.5,0.5,0.5,0.5,0.5,0.5,0.5,0.5
2623,0.5795,0.5,0.5,0.5,0.5,0.5,0.5,0.5,0.5
2624,0.9366,0.5,0.5,0.5,0.5,0.5,0.5,0.5,0.5
2625,0.065,0.5,0.5,0.5,0.5,0.5,0.5,0.5,0.5
2626,0.9459,0.5,0.5,0.5,0.5,0.5,0.5,0.5,0.5
2627,0.9797,0.5,0.5,0.5,0.5,0.5,0.5,0.5,0.5
2628,0.9321,0.5,0.5,0.5,0.5,0.5,0.5,0.5,0.5
2629,0.3681,0.5,0.5,0.5,0.5,0.5,0.5,0.5,0.5
2630,0.9961,0.5,0.5,0.5,0.5,0.5,0.5,0.5,0.5
2631,0.9842,0.5,0.5,0.5,0.5,0.5,0.5,0.5,0.5
2632,0.5681,0.5,0.5,0.5,0.5,0.5,0.5,0.5,0.5
2633,0.9885,0.5,0.5,0.5,0.5,0.5,0.5,0.5,0.5
2634,0.9948,0.5,0.5,0.5,0.5,0.5,0.5,0.5,0.5
2635,0.9961,0.5,0.5,0.5,0.5,0.5,0.5,0.5,0.5
2636,0.9964,0.5,0.5,0.5,0.5,0.5,0.5,0.5,0.5
2637,0.9654,0.5,0.5,0.5,0.5,0.5,0.5,0.5,0.5
2638,0.9821,0.5,0.5,0.5,0.5,0.5,0.5,0.5,0.5
2639,0.9964,0.5,0.5,0.5,0.5,0.5,0.5,0.5,0.5
2640,0.9837,0.5,0.5,0.5,0.5,0.5,0.5,0.5,0.5
2641,0.6667,0.5,0.5,0.5,0.5,0.5,0.5,0.5,0.5
2642,0.9724,0.5,0.5,0.5,0.5,0.5,0.5,0.5,0.5
2643,0.3694,0.5,0.5,0.5,0.5,0.5,0.5,0.5,0.5
2644,0.9703,0.5,0.5,0.5,0.5,0.5,0.5,0.5,0.5
2645,0.9761,0.5,0.5,0.5,0.5,0.5,0.5,0.5,0.5
2646,0.9969,0.5,0.5,0.5,0.5,0.5,0.5,0.5,0.5
2647,0.949,0.5,0.5,0.5,0.5,0.5,0.5,0.5,0.5
2648,0.9286,0.5,0.5,0.5,0.5,0.5,0.5,0.5,0.5
2649,0.9804,0.5,0.5,0.5,0.5,0.5,0.5,0.5,0.5
2650,0.9809,0.5,0.5,0.5,0.5,0.5,0.5,0.5,0.5
2651,0.9935,0.5,0.5,0.5,0.5,0.5,0.5,0.5,0.5
2652,0.9323,0.5,0.5,0.5,0.5,0.5,0.5,0.5,0.5
2653,0.9938,0.5,0.5,0.5,0.5,0.5,0.5,0.5,0.5
2654,0.9054,0.5,0.5,0.5,0.5,0.5,0.5,0.5,0.5
2655,0.9753,0.5,0.5,0.5,0.5,0.5,0.5,0.5,0.5
2656,0.986,0.5,0.5,0.5,0.5,0.5,0.5,0.5,0.5
2657,0.0323,0.5,0.5,0.5,0.5,0.5,0.5,0.5,0.5
2658,0.9923,0.5,0.5,0.5,0.5,0.5,0.5,0.5,0.5
2659,0.9219,0.5,0.5,0.5,0.5,0.5,0.5,0.5,0.5
2660,0.8989,0.5,0.5,0.5,0.5,0.5,0.5,0.5,0.5
2661,0.9671,0.5,0.5,0.5,0.5,0.5,0.5,0.5,0.5
2662,0.9976,0.5,0.5,0.5,0.5,0.5,0.5,0.5,0.5
2663,0.9625,0.5,0.5,0.5,0.5,0.5,0.5,0.5,0.5
2664,0.8728,0.5,0.5,0.5,0.5,0.5,0.5,0.5,0.5
2665,0.736,0.5,0.5,0.5,0.5,0.5,0.5,0.5,0.5
2666,0.9652,0.5,0.5,0.5,0.5,0.5,0.5,0.5,0.5
2667,0.9853,0.5,0.5,0.5,0.5,0.5,0.5,0.5,0.5
2668,0.9878,0.5,0.5,0.5,0.5,0.5,0.5,0.5,0.5
2669,0.9588,0.5,0.5,0.5,0.5,0.5,0.5,0.5,0.5
2670,0.982,0.5,0.5,0.5,0.5,0.5,0.5,0.5,0.5
2671,0.9956,0.5,0.5,0.5,0.5,0.5,0.5,0.5,0.5
2672,0.9702,0.5,0.5,0.5,0.5,0.5,0.5,0.5,0.5
2673,0.9971,0.5,0.5,0.5,0.5,0.5,0.5,0.5,0.5
2674,0.9588,0.5,0.5,0.5,0.5,0.5,0.5,0.5,0.5
2675,0.9814,0.5,0.5,0.5,0.5,0.5,0.5,0.5,0.5
2676,0.9946,0.5,0.5,0.5,0.5,0.5,0.5,0.5,0.5
2677,0.9782,0.5,0.5,0.5,0.5,0.5,0.5,0.5,0.5
2678,0.2943,0.5,0.5,0.5,0.5,0.5,0.5,0.5,0.5
2679,0.3341,0.5,0.5,0.5,0.5,0.5,0.5,0.5,0.5
2680,0.8639,0.5,0.5,0.5,0.5,0.5,0.5,0.5,0.5
2681,0.9225,0.5,0.5,0.5,0.5,0.5,0.5,0.5,0.5
2682,0.707,0.5,0.5,0.5,0.5,0.5,0.5,0.5,0.5
2683,0.9394,0.5,0.5,0.5,0.5,0.5,0.5,0.5,0.5
2684,0.9278,0.5,0.5,0.5,0.5,0.5,0.5,0.5,0.5
2685,0.9957,0.5,0.5,0.5,0.5,0.5,0.5,0.5,0.5
2686,0.9691,0.5,0.5,0.5,0.5,0.5,0.5,0.5,0.5
2687,0.9652,0.5,0.5,0.5,0.5,0.5,0.5,0.5,0.5
2688,0.9782,0.5,0.5,0.5,0.5,0.5,0.5,0.5,0.5
2689,0.3351,0.5,0.5,0.5,0.5,0.5,0.5,0.5,0.5
2690,0.9697,0.5,0.5,0.5,0.5,0.5,0.5,0.5,0.5
2691,0.9601,0.5,0.5,0.5,0.5,0.5,0.5,0.5,0.5
2692,0.9918,0.5,0.5,0.5,0.5,0.5,0.5,0.5,0.5
2693,0.9929,0.5,0.5,0.5,0.5,0.5,0.5,0.5,0.5
2694,0.9919,0.5,0.5,0.5,0.5,0.5,0.5,0.5,0.5
2695,0.9882,0.5,0.5,0.5,0.5,0.5,0.5,0.5,0.5
2696,0.9979,0.5,0.5,0.5,0.5,0.5,0.5,0.5,0.5
2697,0.0093,0.5,0.5,0.5,0.5,0.5,0.5,0.5,0.5
2698,0.7517,0.5,0.5,0.5,0.5,0.5,0.5,0.5,0.5
2699,0.6392,0.5,0.5,0.5,0.5,0.5,0.5,0.5,0.5
2700,0.9133,0.5,0.5,0.5,0.5,0.5,0.5,0.5,0.5
2701,0.9488,0.5,0.5,0.5,0.5,0.5,0.5,0.5,0.5
2702,0.9481,0.5,0.5,0.5,0.5,0.5,0.5,0.5,0.5
2704,0.9952,0.5,0.5,0.5,0.5,0.5,0.5,0.5,0.5
2705,0.9915,0.5,0.5,0.5,0.5,0.5,0.5,0.5,0.5
2706,0.9944,0.5,0.5,0.5,0.5,0.5,0.5,0.5,0.5
2707,0.9919,0.5,0.5,0.5,0.5,0.5,0.5,0.5,0.5
2708,0.9779,0.5,0.5,0.5,0.5,0.5,0.5,0.5,0.5
2709,0.9691,0.5,0.5,0.5,0.5,0.5,0.5,0.5,0.5
2710,0.971,0.5,0.5,0.5,0.5,0.5,0.5,0.5,0.5
2711,0.9779,0.5,0.5,0.5,0.5,0.5,0.5,0.5,0.5
2712,0.9932,0.5,0.5,0.5,0.5,0.5,0.5,0.5,0.5
2713,0.6017,0.5,0.5,0.5,0.5,0.5,0.5,0.5,0.5
2714,0.8505,0.5,0.5,0.5,0.5,0.5,0.5,0.5,0.5
2715,0.7688,0.5,0.5,0.5,0.5,0.5,0.5,0.5,0.5
2716,0.9964,0.5,0.5,0.5,0.5,0.5,0.5,0.5,0.5
2717,0.9683,0.5,0.5,0.5,0.5,0.5,0.5,0.5,0.5
2718,0.9575,0.5,0.5,0.5,0.5,0.5,0.5,0.5,0.5
2719,0.9809,0.5,0.5,0.5,0.5,0.5,0.5,0.5,0.5
2720,0.981,0.5,0.5,0.5,0.5,0.5,0.5,0.5,0.5
2721,0.7071,0.5,0.5,0.5,0.5,0.5,0.5,0.5,0.5
2722,0.8435,0.5,0.5,0.5,0.5,0.5,0.5,0.5,0.5
2723,0.6657,0.5,0.5,0.5,0.5,0.5,0.5,0.5,0.5
2724,0.0771,0.5,0.5,0.5,0.5,0.5,0.5,0.5,0.5
2725,0.0089,0.5,0.5,0.5,0.5,0.5,0.5,0.5,0.5
2726,0.7834,0.5,0.5,0.5,0.5,0.5,0.5,0.5,0.5
2727,0.911,0.5,0.5,0.5,0.5,0.5,0.5,0.5,0.5
2729,0.9965,0.5,0.5,0.5,0.5,0.5,0.5,0.5,0.5
2730,0.966,0.5,0.5,0.5,0.5,0.5,0.5,0.5,0.5
2731,0.9709,0.5,0.5,0.5,0.5,0.5,0.5,0.5,0.5
2732,0.972,0.5,0.5,0.5,0.5,0.5,0.5,0.5,0.5
2733,0.9912,0.5,0.5,0.5,0.5,0.5,0.5,0.5,0.5
2734,0.9687,0.5,0.5,0.5,0.5,0.5,0.5,0.5,0.5
2735,0.9942,0.5,0.5,0.5,0.5,0.5,0.5,0.5,0.5
2736,0.9961,0.5,0.5,0.5,0.5,0.5,0.5,0.5,0.5
2737,0.9919,0.5,0.5,0.5,0.5,0.5,0.5,0.5,0.5
2738,0.9812,0.5,0.5,0.5,0.5,0.5,0.5,0.5,0.5
2739,0.9623,0.5,0.5,0.5,0.5,0.5,0.5,0.5,0.5
2740,0.4109,0.5,0.5,0.5,0.5,0.5,0.5,0.5,0.5
2741,0.9556,0.5,0.5,0.5,0.5,0.5,0.5,0.5,0.5
2742,0.989,0.5,0.5,0.5,0.5,0.5,0.5,0.5,0.5
2743,0.9886,0.5,0.5,0.5,0.5,0.5,0.5,0.5,0.5
2744,0.9623,0.5,0.5,0.5,0.5,0.5,0.5,0.5,0.5
2745,0.962,0.5,0.5,0.5,0.5,0.5,0.5,0.5,0.5
2746,0.9053,0.5,0.5,0.5,0.5,0.5,0.5,0.5,0.5
2747,0.0177,0.5,0.5,0.5,0.5,0.5,0.5,0.5,0.5
2748,0.916,0.5,0.5,0.5,0.5,0.5,0.5,0.5,0.5
2749,0.9706,0.5,0.5,0.5,0.5,0.5,0.5,0.5,0.5
2750,0.9649,0.5,0.5,0.5,0.5,0.5,0.5,0.5,0.5
2751,0.5762,0.5,0.5,0.5,0.5,0.5,0.5,0.5,0.5
2752,0.9895,0.5,0.5,0.5,0.5,0.5,0.5,0.5,0.5
2753,0.9752,0.5,0.5,0.5,0.5,0.5,0.5,0.5,0.5
2754,0.9788,0.5,0.5,0.5,0.5,0.5,0.5,0.5,0.5
2755,0.8616,0.5,0.5,0.5,0.5,0.5,0.5,0.5,0.5
2756,0.9034,0.5,0.5,0.5,0.5,0.5,0.5,0.5,0.5
2757,0.9771,0.5,0.5,0.5,0.5,0.5,0.5,0.5,0.5
2758,0.9645,0.5,0.5,0.5,0.5,0.5,0.5,0.5,0.5
2759,0.9942,0.5,0.5,0.5,0.5,0.5,0.5,0.5,0.5
2760,0.9638,0.5,0.5,0.5,0.5,0.5,0.5,0.5,0.5
2762,0.9827,0.5,0.5,0.5,0.5,0.5,0.5,0.5,0.5
2763,0.9945,0.5,0.5,0.5,0.5,0.5,0.5,0.5,0.5
2764,0.9355,0.5,0.5,0.5,0.5,0.5,0.5,0.5,0.5
2765,0.9817,0.5,0.5,0.5,0.5,0.5,0.5,0.5,0.5
2766,0.5594,0.5,0.5,0.5,0.5,0.5,0.5,0.5,0.5
2767,0.0307,0.5,0.5,0.5,0.5,0.5,0.5,0.5,0.5
2768,0.9729,0.5,0.5,0.5,0.5,0.5,0.5,0.5,0.5
2769,0.9702,0.5,0.5,0.5,0.5,0.5,0.5,0.5,0.5
2770,0.9908,0.5,0.5,0.5,0.5,0.5,0.5,0.5,0.5
2771,0.7821,0.5,0.5,0.5,0.5,0.5,0.5,0.5,0.5
2772,0.3092,0.5,0.5,0.5,0.5,0.5,0.5,0.5,0.5
2773,0.9723,0.5,0.5,0.5,0.5,0.5,0.5,0.5,0.5
2774,0.9928,0.5,0.5,0.5,0.5,0.5,0.5,0.5,0.5
2775,0.996,0.5,0.5,0.5,0.5,0.5,0.5,0.5,0.5
2776,0.9942,0.5,0.5,0.5,0.5,0.5,0.5,0.5,0.5
2777,0.9762,0.5,0.5,0.5,0.5,0.5,0.5,0.5,0.5
2778,0.9848,0.5,0.5,0.5,0.5,0.5,0.5,0.5,0.5
2779,0.0074,0.5,0.5,0.5,0.5,0.5,0.5,0.5,0.5
2780,0.9091,0.5,0.5,0.5,0.5,0.5,0.5,0.5,0.5
2781,0.9641,0.5,0.5,0.5,0.5,0.5,0.5,0.5,0.5
2782,0.9826,0.5,0.5,0.5,0.5,0.5,0.5,0.5,0.5
2783,0.9757,0.5,0.5,0.5,0.5,0.5,0.5,0.5,0.5
2784,0.9862,0.5,0.5,0.5,0.5,0.5,0.5,0.5,0.5
2785,0.9818,0.5,0.5,0.5,0.5,0.5,0.5,0.5,0.5
2786,0.8993,0.5,0.5,0.5,0.5,0.5,0.5,0.5,0.5
2787,0.9279,0.5,0.5,0.5,0.5,0.5,0.5,0.5,0.5
2788,0.9876,0.5,0.5,0.5,0.5,0.5,0.5,0.5,0.5
2789,0.9595,0.5,0.5,0.5,0.5,0.5,0.5,0.5,0.5
2790,0.9904,0.5,0.5,0.5,0.5,0.5,0.5,0.5,0.5
2791,0.0584,0.5,0.5,0.5,0.5,0.5,0.5,0.5,0.5
2792,0.9804,0.5,0.5,0.5,0.5,0.5,0.5,0.5,0.5
2793,0.9779,0.5,0.5,0.5,0.5,0.5,0.5,0.5,0.5
2794,0.9909,0.5,0.5,0.5,0.5,0.5,0.5,0.5,0.5
2795,0.9705,0.5,0.5,0.5,0.5,0.5,0.5,0.5,0.5
2796,0.9902,0.5,0.5,0.5,0.5,0.5,0.5,0.5,0.5
2797,0.5923,0.5,0.5,0.5,0.5,0.5,0.5,0.5,0.5
2798,0.6524,0.5,0.5,0.5,0.5,0.5,0.5,0.5,0.5
2799,0.986,0.5,0.5,0.5,0.5,0.5,0.5,0.5,0.5
2800,0.9652,0.5,0.5,0.5,0.5,0.5,0.5,0.5,0.5
2801,0.9736,0.5,0.5,0.5,0.5,0.5,0.5,0.5,0.5
2802,0.9945,0.5,0.5,0.5,0.5,0.5,0.5,0.5,0.5
2803,0.7986,0.5,0.5,0.5,0.5,0.5,0.5,0.5,0.5
2805,0.2826,0.5,0.5,0.5,0.5,0.5,0.5,0.5,0.5
2806,0.9967,0.5,0.5,0.5,0.5,0.5,0.5,0.5,0.5
2807,0.9836,0.5,0.5,0.5,0.5,0.5,0.5,0.5,0.5
2808,0.994,0.5,0.5,0.5,0.5,0.5,0.5,0.5,0.5
2809,0.998,0.5,0.5,0.5,0.5,0.5,0.5,0.5,0.5
2810,0.9867,0.5,0.5,0.5,0.5,0.5,0.5,0.5,0.5
2811,0.9815,0.5,0.5,0.5,0.5,0.5,0.5,0.5,0.5
2812,0.9687,0.5,0.5,0.5,0.5,0.5,0.5,0.5,0.5
2813,0.9942,0.5,0.5,0.5,0.5,0.5,0.5,0.5,0.5
2814,0.9748,0.5,0.5,0.5,0.5,0.5,0.5,0.5,0.5
2815,0.9824,0.5,0.5,0.5,0.5,0.5,0.5,0.5,0.5
2816,0.9274,0.5,0.5,0.5,0.5,0.5,0.5,0.5,0.5
2817,0.9958,0.5,0.5,0.5,0.5,0.5,0.5,0.5,0.5
2818,0.9564,0.5,0.5,0.5,0.5,0.5,0.5,0.5,0.5
2819,0.9965,0.5,0.5,0.5,0.5,0.5,0.5,0.5,0.5
2820,0.9703,0.5,0.5,0.5,0.5,0.5,0.5,0.5,0.5
2821,0.9922,0.5,0.5,0.5,0.5,0.5,0.5,0.5,0.5
2822,0.9185,0.5,0.5,0.5,0.5,0.5,0.5,0.5,0.5
2823,0.9806,0.5,0.5,0.5,0.5,0.5,0.5,0.5,0.5
2824,0.9713,0.5,0.5,0.5,0.5,0.5,0.5,0.5,0.5
2825,0.9501,0.5,0.5,0.5,0.5,0.5,0.5,0.5,0.5
2826,0.746,0.5,0.5,0.5,0.5,0.5,0.5,0.5,0.5
2827,0.9981,0.5,0.5,0.5,0.5,0.5,0.5,0.5,0.5
2828,0.9686,0.5,0.5,0.5,0.5,0.5,0.5,0.5,0.5
2829,0.9735,0.5,0.5,0.5,0.5,0.5,0.5,0.5,0.5
2830,0.952,0.5,0.5,0.5,0.5,0.5,0.5,0.5,0.5
2831,0.9955,0.5,0.5,0.5,0.5,0.5,0.5,0.5,0.5
2832,0.9559,0.5,0.5,0.5,0.5,0.5,0.5,0.5,0.5
2833,0.7117,0.5,0.5,0.5,0.5,0.5,0.5,0.5,0.5
2834,0.9871,0.5,0.5,0.5,0.5,0.5,0.5,0.5,0.5
2835,0.5807,0.5,0.5,0.5,0.5,0.5,0.5,0.5,0.5
2836,0.9915,0.5,0.5,0.5,0.5,0.5,0.5,0.5,0.5
2837,0.9276,0.5,0.5,0.5,0.5,0.5,0.5,0.5,0.5
2838,0.961,0.5,0.5,0.5,0.5,0.5,0.5,0.5,0.5
2839,0.9769,0.5,0.5,0.5,0.5,0.5,0.5,0.5,0.5
2840,0.849,0.5,0.5,0.5,0.5,0.5,0.5,0.5,0.5
2841,0.9978,0.5,0.5,0.5,0.5,0.5,0.5,0.5,0.5
2842,0.3787,0.5,0.5,0.5,0.5,0.5,0.5,0.5,0.5
2843,0.344,0.5,0.5,0.5,0.5,0.5,0.5,0.5,0.5
2844,0.8066,0.5,0.5,0.5,0.5,0.5,0.5,0.5,0.5
2845,0.9931,0.5,0.5,0.5,0.5,0.5,0.5,0.5,0.5
2846,0.9756,0.5,0.5,0.5,0.5,0.5,0.5,0.5,0.5
2847,0.9834,0.5,0.5,0.5,0.5,0.5,0.5,0.5,0.5
2848,0.9958,0.5,0.5,0.5,0.5,0.5,0.5,0.5,0.5
2849,0.9945,0.5,0.5,0.5,0.5,0.5,0.5,0.5,0.5
2850,0.9306,0.5,0.5,0.5,0.5,0.5,0.5,0.5,0.5
2851,0.9036,0.5,0.5,0.5,0.5,0.5,0.5,0.5,0.5
2852,0.9941,0.5,0.5,0.5,0.5,0.5,0.5,0.5,0.5
2853,0.9159,0.5,0.5,0.5,0.5,0.5,0.5,0.5,0.5
2854,0.9646,0.5,0.5,0.5,0.5,0.5,0.5,0.5,0.5
2855,0.9804,0.5,0.5,0.5,0.5,0.5,0.5,0.5,0.5
2856,0.909,0.5,0.5,0.5,0.5,0.5,0.5,0.5,0.5
2857,0.9931,0.5,0.5,0.5,0.5,0.5,0.5,0.5,0.5
2858,0.9557,0.5,0.5,0.5,0.5,0.5,0.5,0.5,0.5
2859,0.9393,0.5,0.5,0.5,0.5,0.5,0.5,0.5,0.5
2860,0.0114,0.5,0.5,0.5,0.5,0.5,0.5,0.5,0.5
2861,0.2532,0.5,0.5,0.5,0.5,0.5,0.5,0.5,0.5
2862,0.9422,0.5,0.5,0.5,0.5,0.5,0.5,0.5,0.5
2863,0.9122,0.5,0.5,0.5,0.5,0.5,0.5,0.5,0.5
2864,0.976,0.5,0.5,0.5,0.5,0.5,0.5,0.5,0.5
2865,0.7818,0.5,0.5,0.5,0.5,0.5,0.5,0.5,0.5
2866,0.0338,0.5,0.5,0.5,0.5,0.5,0.5,0.5,0.5
2867,0.8351,0.5,0.5,0.5,0.5,0.5,0.5,0.5,0.5
2868,0.9512,0.5,0.5,0.5,0.5,0.5,0.5,0.5,0.5
2869,0.9843,0.5,0.5,0.5,0.5,0.5,0.5,0.5,0.5
2870,0.9724,0.5,0.5,0.5,0.5,0.5,0.5,0.5,0.5
2871,0.6598,0.5,0.5,0.5,0.5,0.5,0.5,0.5,0.5
2872,0.9966,0.5,0.5,0.5,0.5,0.5,0.5,0.5,0.5
2873,0.9958,0.5,0.5,0.5,0.5,0.5,0.5,0.5,0.5
2874,0.9905,0.5,0.5,0.5,0.5,0.5,0.5,0.5,0.5
2875,0.8461,0.5,0.5,0.5,0.5,0.5,0.5,0.5,0.5
2876,0.9958,0.5,0.5,0.5,0.5,0.5,0.5,0.5,0.5
2878,0.8911,0.5,0.5,0.5,0.5,0.5,0.5,0.5,0.5
2879,0.4211,0.5,0.5,0.5,0.5,0.5,0.5,0.5,0.5
2880,0.9945,0.5,0.5,0.5,0.5,0.5,0.5,0.5,0.5
2881,0.2537,0.5,0.5,0.5,0.5,0.5,0.5,0.5,0.5
2882,0.8892,0.5,0.5,0.5,0.5,0.5,0.5,0.5,0.5
2883,0.9363,0.5,0.5,0.5,0.5,0.5,0.5,0.5,0.5
2884,0.9732,0.5,0.5,0.5,0.5,0.5,0.5,0.5,0.5
2885,0.9803,0.5,0.5,0.5,0.5,0.5,0.5,0.5,0.5
2886,0.9978,0.5,0.5,0.5,0.5,0.5,0.5,0.5,0.5
2887,0.8326,0.5,0.5,0.5,0.5,0.5,0.5,0.5,0.5
2888,0.9954,0.5,0.5,0.5,0.5,0.5,0.5,0.5,0.5
2889,0.9803,0.5,0.5,0.5,0.5,0.5,0.5,0.5,0.5
2890,0.9768,0.5,0.5,0.5,0.5,0.5,0.5,0.5,0.5
2891,0.9966,0.5,0.5,0.5,0.5,0.5,0.5,0.5,0.5
2892,0.9654,0.5,0.5,0.5,0.5,0.5,0.5,0.5,0.5
2893,0.9841,0.5,0.5,0.5,0.5,0.5,0.5,0.5,0.5
2894,0.0675,0.5,0.5,0.5,0.5,0.5,0.5,0.5,0.5
2895,0.0997,0.5,0.5,0.5,0.5,0.5,0.5,0.5,0.5
2896,0.1164,0.5,0.5,0.5,0.5,0.5,0.5,0.5,0.5
2897,0.6982,0.5,0.5,0.5,0.5,0.5,0.5,0.5,0.5
2898,0.9629,0.5,0.5,0.5,0.5,0.5,0.5,0.5,0.5
2899,0.9545,0.5,0.5,0.5,0.5,0.5,0.5,0.5,0.5
2900,0.9561,0.5,0.5,0.5,0.5,0.5,0.5,0.5,0.5
2901,0.7457,0.5,0.5,0.5,0.5,0.5,0.5,0.5,0.5
2902,0.9616,0.5,0.5,0.5,0.5,0.5,0.5,0.5,0.5
2903,0.3035,0.5,0.5,0.5,0.5,0.5,0.5,0.5,0.5
2904,0.6777,0.5,0.5,0.5,0.5,0.5,0.5,0.5,0.5
2905,0.9957,0.5,0.5,0.5,0.5,0.5,0.5,0.5,0.5
2906,0.8943,0.5,0.5,0.5,0.5,0.5,0.5,0.5,0.5
2907,0.9684,0.5,0.5,0.5,0.5,0.5,0.5,0.5,0.5
2908,0.9935,0.5,0.5,0.5,0.5,0.5,0.5,0.5,0.5
2909,0.9973,0.5,0.5,0.5,0.5,0.5,0.5,0.5,0.5
2910,0.0456,0.5,0.5,0.5,0.5,0.5,0.5,0.5,0.5
2911,0.9818,0.5,0.5,0.5,0.5,0.5,0.5,0.5,0.5
2912,0.9957,0.5,0.5,0.5,0.5,0.5,0.5,0.5,0.5
2913,0.9809,0.5,0.5,0.5,0.5,0.5,0.5,0.5,0.5
2914,0.8996,0.5,0.5,0.5,0.5,0.5,0.5,0.5,0.5
2915,0.8858,0.5,0.5,0.5,0.5,0.5,0.5,0.5,0.5
2916,0.9748,0.5,0.5,0.5,0.5,0.5,0.5,0.5,0.5
2917,0.9831,0.5,0.5,0.5,0.5,0.5,0.5,0.5,0.5
2918,0.869,0.5,0.5,0.5,0.5,0.5,0.5,0.5,0.5
2919,0.9917,0.5,0.5,0.5,0.5,0.5,0.5,0.5,0.5
2920,0.9065,0.5,0.5,0.5,0.5,0.5,0.5,0.5,0.5
2921,0.8575,0.5,0.5,0.5,0.5,0.5,0.5,0.5,0.5
2922,0.7092,0.5,0.5,0.5,0.5,0.5,0.5,0.5,0.5
2923,0.2391,0.5,0.5,0.5,0.5,0.5,0.5,0.5,0.5
2924,0.9947,0.5,0.5,0.5,0.5,0.5,0.5,0.5,0.5
2925,0.1424,0.5,0.5,0.5,0.5,0.5,0.5,0.5,0.5
2926,0.8145,0.5,0.5,0.5,0.5,0.5,0.5,0.5,0.5
2927,0.9586,0.5,0.5,0.5,0.5,0.5,0.5,0.5,0.5
2928,0.9843,0.5,0.5,0.5,0.5,0.5,0.5,0.5,0.5
2929,0.3447,0.5,0.5,0.5,0.5,0.5,0.5,0.5,0.5
2930,0.9952,0.5,0.5,0.5,0.5,0.5,0.5,0.5,0.5
2931,0.9096,0.5,0.5,0.5,0.5,0.5,0.5,0.5,0.5
2932,0.975,0.5,0.5,0.5,0.5,0.5,0.5,0.5,0.5
2933,0.3903,0.5,0.5,0.5,0.5,0.5,0.5,0.5,0.5
2934,0.9206,0.5,0.5,0.5,0.5,0.5,0.5,0.5,0.5
2935,0.9769,0.5,0.5,0.5,0.5,0.5,0.5,0.5,0.5
2936,0.9827,0.5,0.5,0.5,0.5,0.5,0.5,0.5,0.5
2937,0.9945,0.5,0.5,0.5,0.5,0.5,0.5,0.5,0.5
2938,0.9752,0.5,0.5,0.5,0.5,0.5,0.5,0.5,0.5
2939,0.9308,0.5,0.5,0.5,0.5,0.5,0.5,0.5,0.5
2940,0.983,0.5,0.5,0.5,0.5,0.5,0.5,0.5,0.5
2941,0.9955,0.5,0.5,0.5,0.5,0.5,0.5,0.5,0.5
2942,0.9973,0.5,0.5,0.5,0.5,0.5,0.5,0.5,0.5
2943,0.8707,0.5,0.5,0.5,0.5,0.5,0.5,0.5,0.5
2944,0.7353,0.5,0.5,0.5,0.5,0.5,0.5,0.5,0.5
2945,0.9942,0.5,0.5,0.5,0.5,0.5,0.5,0.5,0.5
2946,0.997,0.5,0.5,0.5,0.5,0.5,0.5,0.5,0.5
2947,0.9291,0.5,0.5,0.5,0.5,0.5,0.5,0.5,0.5
2948,0.4614,0.5,0.5,0.5,0.5,0.5,0.5,0.5,0.5
2949,0.1574,0.5,0.5,0.5,0.5,0.5,0.5,0.5,0.5
2950,0.9887,0.5,0.5,0.5,0.5,0.5,0.5,0.5,0.5
2952,0.9964,0.5,0.5,0.5,0.5,0.5,0.5,0.5,0.5
2953,0.9561,0.5,0.5,0.5,0.5,0.5,0.5,0.5,0.5
2954,0.8855,0.5,0.5,0.5,0.5,0.5,0.5,0.5,0.5
2955,0.7344,0.5,0.5,0.5,0.5,0.5,0.5,0.5,0.5
2956,0.998,0.5,0.5,0.5,0.5,0.5,0.5,0.5,0.5
2957,0.9206,0.5,0.5,0.5,0.5,0.5,0.5,0.5,0.5
2958,0.9496,0.5,0.5,0.5,0.5,0.5,0.5,0.5,0.5
2959,0.9883,0.5,0.5,0.5,0.5,0.5,0.5,0.5,0.5
2960,0.9649,0.5,0.5,0.5,0.5,0.5,0.5,0.5,0.5
2961,0.0136,0.5,0.5,0.5,0.5,0.5,0.5,0.5,0.5
2962,0.9943,0.5,0.5,0.5,0.5,0.5,0.5,0.5,0.5
2963,0.991,0.5,0.5,0.5,0.5,0.5,0.5,0.5,0.5
2964,0.1278,0.5,0.5,0.5,0.5,0.5,0.5,0.5,0.5
2966,0.9898,0.5,0.5,0.5,0.5,0.5,0.5,0.5,0.5
2967,0.2712,0.5,0.5,0.5,0.5,0.5,0.5,0.5,0.5
2968,0.0229,0.5,0.5,0.5,0.5,0.5,0.5,0.5,0.5
2969,0.9891,0.5,0.5,0.5,0.5,0.5,0.5,0.5,0.5
2970,0.9687,0.5,0.5,0.5,0.5,0.5,0.5,0.5,0.5
2971,0.9805,0.5,0.5,0.5,0.5,0.5,0.5,0.5,0.5
2972,0.9955,0.5,0.5,0.5,0.5,0.5,0.5,0.5,0.5
2973,0.9958,0.5,0.5,0.5,0.5,0.5,0.5,0.5,0.5
2974,0.0783,0.5,0.5,0.5,0.5,0.5,0.5,0.5,0.5
2975,0.9674,0.5,0.5,0.5,0.5,0.5,0.5,0.5,0.5
2976,0.952,0.5,0.5,0.5,0.5,0.5,0.5,0.5,0.5
2977,0.812,0.5,0.5,0.5,0.5,0.5,0.5,0.5,0.5
2978,0.9876,0.5,0.5,0.5,0.5,0.5,0.5,0.5,0.5
2979,0.9637,0.5,0.5,0.5,0.5,0.5,0.5,0.5,0.5
2980,0.9966,0.5,0.5,0.5,0.5,0.5,0.5,0.5,0.5
2981,0.9548,0.5,0.5,0.5,0.5,0.5,0.5,0.5,0.5
2982,0.9962,0.5,0.5,0.5,0.5,0.5,0.5,0.5,0.5
2983,0.9544,0.5,0.5,0.5,0.5,0.5,0.5,0.5,0.5
2984,0.9327,0.5,0.5,0.5,0.5,0.5,0.5,0.5,0.5
2985,0.2606,0.5,0.5,0.5,0.5,0.5,0.5,0.5,0.5
2986,0.9924,0.5,0.5,0.5,0.5,0.5,0.5,0.5,0.5
2987,0.9965,0.5,0.5,0.5,0.5,0.5,0.5,0.5,0.5
2988,0.9358,0.5,0.5,0.5,0.5,0.5,0.5,0.5,0.5
2989,0.9839,0.5,0.5,0.5,0.5,0.5,0.5,0.5,0.5
2990,0.6906,0.5,0.5,0.5,0.5,0.5,0.5,0.5,0.5
2991,0.4581,0.5,0.5,0.5,0.5,0.5,0.5,0.5,0.5
2992,0.9773,0.5,0.5,0.5,0.5,0.5,0.5,0.5,0.5
2993,0.6074,0.5,0.5,0.5,0.5,0.5,0.5,0.5,0.5
2994,0.3899,0.5,0.5,0.5,0.5,0.5,0.5,0.5,0.5
2995,0.9935,0.5,0.5,0.5,0.5,0.5,0.5,0.5,0.5
2996,0.059,0.5,0.5,0.5,0.5,0.5,0.5,0.5,0.5
2997,0.7966,0.5,0.5,0.5,0.5,0.5,0.5,0.5,0.5
2998,0.8152,0.5,0.5,0.5,0.5,0.5,0.5,0.5,0.5
2999,0.0506,0.5,0.5,0.5,0.5,0.5,0.5,0.5,0.5
3000,0.7412,0.5,0.5,0.5,0.5,0.5,0.5,0.5,0.5
3001,0.9897,0.5,0.5,0.5,0.5,0.5,0.5,0.5,0.5
3002,0.9494,0.5,0.5,0.5,0.5,0.5,0.5,0.5,0.5
3003,0.9704,0.5,0.5,0.5,0.5,0.5,0.5,0.5,0.5
3004,0.994,0.5,0.5,0.5,0.5,0.5,0.5,0.5,0.5
3005,0.9851,0.5,0.5,0.5,0.5,0.5,0.5,0.5,0.5
3006,0.9571,0.5,0.5,0.5,0.5,0.5,0.5,0.5,0.5
3007,0.8969,0.5,0.5,0.5,0.5,0.5,0.5,0.5,0.5
3008,0.9927,0.5,0.5,0.5,0.5,0.5,0.5,0.5,0.5
3009,0.9141,0.5,0.5,0.5,0.5,0.5,0.5,0.5,0.5
3010,0.9945,0.5,0.5,0.5,0.5,0.5,0.5,0.5,0.5
3011,0.9876,0.5,0.5,0.5,0.5,0.5,0.5,0.5,0.5
3012,0.6093,0.5,0.5,0.5,0.5,0.5,0.5,0.5,0.5
3013,0.9582,0.5,0.5,0.5,0.5,0.5,0.5,0.5,0.5
3014,0.0218,0.5,0.5,0.5,0.5,0.5,0.5,0.5,0.5
3015,0.9743,0.5,0.5,0.5,0.5,0.5,0.5,0.5,0.5
3016,0.9835,0.5,0.5,0.5,0.5,0.5,0.5,0.5,0.5
3017,0.9685,0.5,0.5,0.5,0.5,0.5,0.5,0.5,0.5
3018,0.9822,0.5,0.5,0.5,0.5,0.5,0.5,0.5,0.5
3019,0.9948,0.5,0.5,0.5,0.5,0.5,0.5,0.5,0.5
3020,0.9659,0.5,0.5,0.5,0.5,0.5,0.5,0.5,0.5
3021,0.2293,0.5,0.5,0.5,0.5,0.5,0.5,0.5,0.5
3022,0.9924,0.5,0.5,0.5,0.5,0.5,0.5,0.5,0.5
3023,0.7143,0.5,0.5,0.5,0.5,0.5,0.5,0.5,0.5
3024,0.875,0.5,0.5,0.5,0.5,0.5,0.5,0.5,0.5
3025,0.9798,0.5,0.5,0.5,0.5,0.5,0.5,0.5,0.5
3026,0.1127,0.5,0.5,0.5,0.5,0.5,0.5,0.5,0.5
3027,0.8424,0.5,0.5,0.5,0.5,0.5,0.5,0.5,0.5
3028,0.8522,0.5,0.5,0.5,0.5,0.5,0.5,0.5,0.5
3029,0.9583,0.5,0.5,0.5,0.5,0.5,0.5,0.5,0.5
3030,0.6785,0.5,0.5,0.5,0.5,0.5,0.5,0.5,0.5
3031,0.6493,0.5,0.5,0.5,0.5,0.5,0.5,0.5,0.5
3032,0.9982,0.5,0.5,0.5,0.5,0.5,0.5,0.5,0.5
3033,0.988,0.5,0.5,0.5,0.5,0.5,0.5,0.5,0.5
3034,0.9808,0.5,0.5,0.5,0.5,0.5,0.5,0.5,0.5
3035,0.9895,0.5,0.5,0.5,0.5,0.5,0.5,0.5,0.5
3036,0.9299,0.5,0.5,0.5,0.5,0.5,0.5,0.5,0.5
3037,0.9567,0.5,0.5,0.5,0.5,0.5,0.5,0.5,0.5
3038,0.8884,0.5,0.5,0.5,0.5,0.5,0.5,0.5,0.5
3039,0.9065,0.5,0.5,0.5,0.5,0.5,0.5,0.5,0.5
3040,0.9391,0.5,0.5,0.5,0.5,0.5,0.5,0.5,0.5
3041,0.063,0.5,0.5,0.5,0.5,0.5,0.5,0.5,0.5
3042,0.9634,0.5,0.5,0.5,0.5,0.5,0.5,0.5,0.5
3043,0.2308,0.5,0.5,0.5,0.5,0.5,0.5,0.5,0.5
3044,0.9962,0.5,0.5,0.5,0.5,0.5,0.5,0.5,0.5
3045,0.9835,0.5,0.5,0.5,0.5,0.5,0.5,0.5,0.5
3046,0.9962,0.5,0.5,0.5,0.5,0.5,0.5,0.5,0.5
3047,0.995,0.5,0.5,0.5,0.5,0.5,0.5,0.5,0.5
3048,0.9949,0.5,0.5,0.5,0.5,0.5,0.5,0.5,0.5
3049,0.9253,0.5,0.5,0.5,0.5,0.5,0.5,0.5,0.5
3050,0.9747,0.5,0.5,0.5,0.5,0.5,0.5,0.5,0.5
3051,0.9222,0.5,0.5,0.5,0.5,0.5,0.5,0.5,0.5
3052,0.9676,0.5,0.5,0.5,0.5,0.5,0.5,0.5,0.5
3053,0.9749,0.5,0.5,0.5,0.5,0.5,0.5,0.5,0.5
3054,0.9622,0.5,0.5,0.5,0.5,0.5,0.5,0.5,0.5
3055,0.7445,0.5,0.5,0.5,0.5,0.5,0.5,0.5,0.5
3056,0.9437,0.5,0.5,0.5,0.5,0.5,0.5,0.5,0.5
3057,0.1451,0.5,0.5,0.5,0.5,0.5,0.5,0.5,0.5
3058,0.5968,0.5,0.5,0.5,0.5,0.5,0.5,0.5,0.5
3059,0.9611,0.5,0.5,0.5,0.5,0.5,0.5,0.5,0.5
3060,0.9921,0.5,0.5,0.5,0.5,0.5,0.5,0.5,0.5
3061,0.8627,0.5,0.5,0.5,0.5,0.5,0.5,0.5,0.5
3062,0.8317,0.5,0.5,0.5,0.5,0.5,0.5,0.5,0.5
3063,0.8908,0.5,0.5,0.5,0.5,0.5,0.5,0.5,0.5
3064,0.996,0.5,0.5,0.5,0.5,0.5,0.5,0.5,0.5
3065,0.9958,0.5,0.5,0.5,0.5,0.5,0.5,0.5,0.5
3066,0.9976,0.5,0.5,0.5,0.5,0.5,0.5,0.5,0.5
3067,0.9858,0.5,0.5,0.5,0.5,0.5,0.5,0.5,0.5
3068,0.6763,0.5,0.5,0.5,0.5,0.5,0.5,0.5,0.5
3069,0.5994,0.5,0.5,0.5,0.5,0.5,0.5,0.5,0.5
3070,0.9848,0.5,0.5,0.5,0.5,0.5,0.5,0.5,0.5
3071,0.9852,0.5,0.5,0.5,0.5,0.5,0.5,0.5,0.5
3072,0.9554,0.5,0.5,0.5,0.5,0.5,0.5,0.5,0.5
3073,0.9827,0.5,0.5,0.5,0.5,0.5,0.5,0.5,0.5
3074,0.9663,0.5,0.5,0.5,0.5,0.5,0.5,0.5,0.5
3075,0.9326,0.5,0.5,0.5,0.5,0.5,0.5,0.5,0.5
3076,0.987,0.5,0.5,0.5,0.5,0.5,0.5,0.5,0.5
3077,0.9953,0.5,0.5,0.5,0.5,0.5,0.5,0.5,0.5
3078,0.7789,0.5,0.5,0.5,0.5,0.5,0.5,0.5,0.5
3079,0.8029,0.5,0.5,0.5,0.5,0.5,0.5,0.5,0.5
3080,0.9851,0.5,0.5,0.5,0.5,0.5,0.5,0.5,0.5
3081,0.8363,0.5,0.5,0.5,0.5,0.5,0.5,0.5,0.5
3082,0.7827,0.5,0.5,0.5,0.5,0.5,0.5,0.5,0.5
3083,0.064,0.5,0.5,0.5,0.5,0.5,0.5,0.5,0.5
3084,0.9926,0.5,0.5,0.5,0.5,0.5,0.5,0.5,0.5
3085,0.9933,0.5,0.5,0.5,0.5,0.5,0.5,0.5,0.5
3086,0.9847,0.5,0.5,0.5,0.5,0.5,0.5,0.5,0.5
3087,0.9943,0.5,0.5,0.5,0.5,0.5,0.5,0.5,0.5
3088,0.9904,0.5,0.5,0.5,0.5,0.5,0.5,0.5,0.5
3089,0.8587,0.5,0.5,0.5,0.5,0.5,0.5,0.5,0.5
3090,0.9807,0.5,0.5,0.5,0.5,0.5,0.5,0.5,0.5
3091,0.951,0.5,0.5,0.5,0.5,0.5,0.5,0.5,0.5
3092,0.0873,0.5,0.5,0.5,0.5,0.5,0.5,0.5,0.5
3093,0.9734,0.5,0.5,0.5,0.5,0.5,0.5,0.5,0.5
3094,0.9681,0.5,0.5,0.5,0.5,0.5,0.5,0.5,0.5
3095,0.0284,0.5,0.5,0.5,0.5,0.5,0.5,0.5,0.5
3096,0.9933,0.5,0.5,0.5,0.5,0.5,0.5,0.5,0.5
3097,0.984,0.5,0.5,0.5,0.5,0.5,0.5,0.5,0.5
3098,0.982,0.5,0.5,0.5,0.5,0.5,0.5,0.5,0.5
3099,0.9661,0.5,0.5,0.5,0.5,0.5,0.5,0.5,0.5
3100,0.5383,0.5,0.5,0.5,0.5,0.5,0.5,0.5,0.5
3101,0.966,0.5,0.5,0.5,0.5,0.5,0.5,0.5,0.5
3102,0.8915,0.5,0.5,0.5,0.5,0.5,0.5,0.5,0.5
3103,0.9009,0.5,0.5,0.5,0.5,0.5,0.5,0.5,0.5
3104,0.9476,0.5,0.5,0.5,0.5,0.5,0.5,0.5,0.5
3105,0.3656,0.5,0.5,0.5,0.5,0.5,0.5,0.5,0.5
3106,0.9488,0.5,0.5,0.5,0.5,0.5,0.5,0.5,0.5
3108,0.9859,0.5,0.5,0.5,0.5,0.5,0.5,0.5,0.5
3109,0.9918,0.5,0.5,0.5,0.5,0.5,0.5,0.5,0.5
3110,0.9844,0.5,0.5,0.5,0.5,0.5,0.5,0.5,0.5
3111,0.9623,0.5,0.5,0.5,0.5,0.5,0.5,0.5,0.5
3112,0.3369,0.5,0.5,0.5,0.5,0.5,0.5,0.5,0.5
3113,0.9925,0.5,0.5,0.5,0.5,0.5,0.5,0.5,0.5
3114,0.9831,0.5,0.5,0.5,0.5,0.5,0.5,0.5,0.5
3115,0.9903,0.5,0.5,0.5,0.5,0.5,0.5,0.5,0.5
3116,0.7543,0.5,0.5,0.5,0.5,0.5,0.5,0.5,0.5
3117,0.9706,0.5,0.5,0.5,0.5,0.5,0.5,0.5,0.5
3118,0.9978,0.5,0.5,0.5,0.5,0.5,0.5,0.5,0.5
3119,0.9882,0.5,0.5,0.5,0.5,0.5,0.5,0.5,0.5
3120,0.9861,0.5,0.5,0.5,0.5,0.5,0.5,0.5,0.5
3121,0.9947,0.5,0.5,0.5,0.5,0.5,0.5,0.5,0.5
3122,0.7994,0.5,0.5,0.5,0.5,0.5,0.5,0.5,0.5
3123,0.9637,0.5,0.5,0.5,0.5,0.5,0.5,0.5,0.5
3124,0.9573,0.5,0.5,0.5,0.5,0.5,0.5,0.5,0.5
3125,0.959,0.5,0.5,0.5,0.5,0.5,0.5,0.5,0.5
3126,0.9914,0.5,0.5,0.5,0.5,0.5,0.5,0.5,0.5
3127,0.852,0.5,0.5,0.5,0.5,0.5,0.5,0.5,0.5
3128,0.9859,0.5,0.5,0.5,0.5,0.5,0.5,0.5,0.5
3129,0.967,0.5,0.5,0.5,0.5,0.5,0.5,0.5,0.5
3130,0.9537,0.5,0.5,0.5,0.5,0.5,0.5,0.5,0.5
3131,0.9966,0.5,0.5,0.5,0.5,0.5,0.5,0.5,0.5
3132,0.9944,0.5,0.5,0.5,0.5,0.5,0.5,0.5,0.5
3133,0.0099,0.5,0.5,0.5,0.5,0.5,0.5,0.5,0.5
3134,0.9826,0.5,0.5,0.5,0.5,0.5,0.5,0.5,0.5
3135,0.97,0.5,0.5,0.5,0.5,0.5,0.5,0.5,0.5
3136,0.9936,0.5,0.5,0.5,0.5,0.5,0.5,0.5,0.5
3137,0.9414,0.5,0.5,0.5,0.5,0.5,0.5,0.5,0.5
3138,0.9893,0.5,0.5,0.5,0.5,0.5,0.5,0.5,0.5
3139,0.9676,0.5,0.5,0.5,0.5,0.5,0.5,0.5,0.5
3140,0.9969,0.5,0.5,0.5,0.5,0.5,0.5,0.5,0.5
3141,0.9773,0.5,0.5,0.5,0.5,0.5,0.5,0.5,0.5
3142,0.8325,0.5,0.5,0.5,0.5,0.5,0.5,0.5,0.5
3143,0.965,0.5,0.5,0.5,0.5,0.5,0.5,0.5,0.5
3144,0.9469,0.5,0.5,0.5,0.5,0.5,0.5,0.5,0.5
3145,0.9604,0.5,0.5,0.5,0.5,0.5,0.5,0.5,0.5
3146,0.9986,0.5,0.5,0.5,0.5,0.5,0.5,0.5,0.5
3147,0.9981,0.5,0.5,0.5,0.5,0.5,0.5,0.5,0.5
3148,0.9895,0.5,0.5,0.5,0.5,0.5,0.5,0.5,0.5
3149,0.9778,0.5,0.5,0.5,0.5,0.5,0.5,0.5,0.5
3150,0.9875,0.5,0.5,0.5,0.5,0.5,0.5,0.5,0.5
3151,0.9925,0.5,0.5,0.5,0.5,0.5,0.5,0.5,0.5
3152,0.9808,0.5,0.5,0.5,0.5,0.5,0.5,0.5,0.5
3153,0.8861,0.5,0.5,0.5,0.5,0.5,0.5,0.5,0.5
3154,0.8584,0.5,0.5,0.5,0.5,0.5,0.5,0.5,0.5
3155,0.6015,0.5,0.5,0.5,0.5,0.5,0.5,0.5,0.5
3156,0.9852,0.5,0.5,0.5,0.5,0.5,0.5,0.5,0.5
3157,0.9909,0.5,0.5,0.5,0.5,0.5,0.5,0.5,0.5
3158,0.9931,0.5,0.5,0.5,0.5,0.5,0.5,0.5,0.5
3159,0.9597,0.5,0.5,0.5,0.5,0.5,0.5,0.5,0.5
3160,0.2437,0.5,0.5,0.5,0.5,0.5,0.5,0.5,0.5
3161,0.9764,0.5,0.5,0.5,0.5,0.5,0.5,0.5,0.5
3162,0.9668,0.5,0.5,0.5,0.5,0.5,0.5,0.5,0.5
3163,0.9769,0.5,0.5,0.5,0.5,0.5,0.5,0.5,0.5
3164,0.8784,0.5,0.5,0.5,0.5,0.5,0.5,0.5,0.5
3165,0.9691,0.5,0.5,0.5,0.5,0.5,0.5,0.5,0.5
3166,0.9048,0.5,0.5,0.5,0.5,0.5,0.5,0.5,0.5
3167,0.5825,0.5,0.5,0.5,0.5,0.5,0.5,0.5,0.5
3168,0.993,0.5,0.5,0.5,0.5,0.5,0.5,0.5,0.5
3169,0.8818,0.5,0.5,0.5,0.5,0.5,0.5,0.5,0.5
3170,0.9697,0.5,0.5,0.5,0.5,0.5,0.5,0.5,0.5
3171,0.9838,0.5,0.5,0.5,0.5,0.5,0.5,0.5,0.5
3172,0.9696,0.5,0.5,0.5,0.5,0.5,0.5,0.5,0.5
3173,0.9987,0.5,0.5,0.5,0.5,0.5,0.5,0.5,0.5
3174,0.1988,0.5,0.5,0.5,0.5,0.5,0.5,0.5,0.5
3175,0.9885,0.5,0.5,0.5,0.5,0.5,0.5,0.5,0.5
3176,0.9968,0.5,0.5,0.5,0.5,0.5,0.5,0.5,0.5
3177,0.995,0.5,0.5,0.5,0.5,0.5,0.5,0.5,0.5
3178,0.9496,0.5,0.5,0.5,0.5,0.5,0.5,0.5,0.5
3179,0.2316,0.5,0.5,0.5,0.5,0.5,0.5,0.5,0.5
3180,0.9736,0.5,0.5,0.5,0.5,0.5,0.5,0.5,0.5
3181,0.9854,0.5,0.5,0.5,0.5,0.5,0.5,0.5,0.5
3182,0.9969,0.5,0.5,0.5,0.5,0.5,0.5,0.5,0.5
3183,0.8398,0.5,0.5,0.5,0.5,0.5,0.5,0.5,0.5
3184,0.6861,0.5,0.5,0.5,0.5,0.5,0.5,0.5,0.5
3185,0.9264,0.5,0.5,0.5,0.5,0.5,0.5,0.5,0.5
3186,0.8456,0.5,0.5,0.5,0.5,0.5,0.5,0.5,0.5
3187,0.7471,0.5,0.5,0.5,0.5,0.5,0.5,0.5,0.5
3188,0.9911,0.5,0.5,0.5,0.5,0.5,0.5,0.5,0.5
3189,0.9965,0.5,0.5,0.5,0.5,0.5,0.5,0.5,0.5
3190,0.9131,0.5,0.5,0.5,0.5,0.5,0.5,0.5,0.5
3191,0.9981,0.5,0.5,0.5,0.5,0.5,0.5,0.5,0.5
3192,0.9948,0.5,0.5,0.5,0.5,0.5,0.5,0.5,0.5
3193,0.66,0.5,0.5,0.5,0.5,0.5,0.5,0.5,0.5
3194,0.9856,0.5,0.5,0.5,0.5,0.5,0.5,0.5,0.5
3195,0.9882,0.5,0.5,0.5,0.5,0.5,0.5,0.5,0.5
3196,0.1501,0.5,0.5,0.5,0.5,0.5,0.5,0.5,0.5
3197,0.8652,0.5,0.5,0.5,0.5,0.5,0.5,0.5,0.5
3198,0.9886,0.5,0.5,0.5,0.5,0.5,0.5,0.5,0.5
3199,0.9719,0.5,0.5,0.5,0.5,0.5,0.5,0.5,0.5
3200,0.9784,0.5,0.5,0.5,0.5,0.5,0.5,0.5,0.5
3201,0.9832,0.5,0.5,0.5,0.5,0.5,0.5,0.5,0.5
3202,0.9614,0.5,0.5,0.5,0.5,0.5,0.5,0.5,0.5
3203,0.9738,0.5,0.5,0.5,0.5,0.5,0.5,0.5,0.5
3204,0.9709,0.5,0.5,0.5,0.5,0.5,0.5,0.5,0.5
3205,0.8906,0.5,0.5,0.5,0.5,0.5,0.5,0.5,0.5
3206,0.9872,0.5,0.5,0.5,0.5,0.5,0.5,0.5,0.5
3207,0.9639,0.5,0.5,0.5,0.5,0.5,0.5,0.5,0.5
3208,0.0124,0.5,0.5,0.5,0.5,0.5,0.5,0.5,0.5
3209,0.9694,0.5,0.5,0.5,0.5,0.5,0.5,0.5,0.5
3210,0.9934,0.5,0.5,0.5,0.5,0.5,0.5,0.5,0.5
3211,0.9923,0.5,0.5,0.5,0.5,0.5,0.5,0.5,0.5
3212,0.9069,0.5,0.5,0.5,0.5,0.5,0.5,0.5,0.5
3213,0.9768,0.5,0.5,0.5,0.5,0.5,0.5,0.5,0.5
3214,0.1556,0.5,0.5,0.5,0.5,0.5,0.5,0.5,0.5
3215,0.6948,0.5,0.5,0.5,0.5,0.5,0.5,0.5,0.5
3216,0.9884,0.5,0.5,0.5,0.5,0.5,0.5,0.5,0.5
3217,0.9807,0.5,0.5,0.5,0.5,0.5,0.5,0.5,0.5
3218,0.9864,0.5,0.5,0.5,0.5,0.5,0.5,0.5,0.5
3219,0.9901,0.5,0.5,0.5,0.5,0.5,0.5,0.5,0.5
3220,0.9963,0.5,0.5,0.5,0.5,0.5,0.5,0.5,0.5
3221,0.9746,0.5,0.5,0.5,0.5,0.5,0.5,0.5,0.5
3222,0.9983,0.5,0.5,0.5,0.5,0.5,0.5,0.5,0.5
3223,0.9975,0.5,0.5,0.5,0.5,0.5,0.5,0.5,0.5
3224,0.9303,0.5,0.5,0.5,0.5,0.5,0.5,0.5,0.5
3225,0.6788,0.5,0.5,0.5,0.5,0.5,0.5,0.5,0.5
3226,0.9865,0.5,0.5,0.5,0.5,0.5,0.5,0.5,0.5
3227,0.9967,0.5,0.5,0.5,0.5,0.5,0.5,0.5,0.5
3228,0.9942,0.5,0.5,0.5,0.5,0.5,0.5,0.5,0.5
3229,0.6923,0.5,0.5,0.5,0.5,0.5,0.5,0.5,0.5
3230,0.9514,0.5,0.5,0.5,0.5,0.5,0.5,0.5,0.5
3231,0.995,0.5,0.5,0.5,0.5,0.5,0.5,0.5,0.5
3232,0.9638,0.5,0.5,0.5,0.5,0.5,0.5,0.5,0.5
3233,0.9323,0.5,0.5,0.5,0.5,0.5,0.5,0.5,0.5
3234,0.2935,0.5,0.5,0.5,0.5,0.5,0.5,0.5,0.5
3235,0.1036,0.5,0.5,0.5,0.5,0.5,0.5,0.5,0.5
3236,0.9962,0.5,0.5,0.5,0.5,0.5,0.5,0.5,0.5
3237,0.9967,0.5,0.5,0.5,0.5,0.5,0.5,0.5,0.5
3238,0.9915,0.5,0.5,0.5,0.5,0.5,0.5,0.5,0.5
3239,0.9921,0.5,0.5,0.5,0.5,0.5,0.5,0.5,0.5
3240,0.3327,0.5,0.5,0.5,0.5,0.5,0.5,0.5,0.5
3241,0.2524,0.5,0.5,0.5,0.5,0.5,0.5,0.5,0.5
3242,0.976,0.5,0.5,0.5,0.5,0.5,0.5,0.5,0.5
3243,0.9692,0.5,0.5,0.5,0.5,0.5,0.5,0.5,0.5
3244,0.9829,0.5,0.5,0.5,0.5,0.5,0.5,0.5,0.5
3245,0.8846,0.5,0.5,0.5,0.5,0.5,0.5,0.5,0.5
3246,0.9765,0.5,0.5,0.5,0.5,0.5,0.5,0.5,0.5
3247,0.184,0.5,0.5,0.5,0.5,0.5,0.5,0.5,0.5
3248,0.9842,0.5,0.5,0.5,0.5,0.5,0.5,0.5,0.5
3249,0.9762,0.5,0.5,0.5,0.5,0.5,0.5,0.5,0.5
3250,0.9975,0.5,0.5,0.5,0.5,0.5,0.5,0.5,0.5
3251,0.995,0.5,0.5,0.5,0.5,0.5,0.5,0.5,0.5
3252,0.9487,0.5,0.5,0.5,0.5,0.5,0.5,0.5,0.5
3253,0.8714,0.5,0.5,0.5,0.5,0.5,0.5,0.5,0.5
3254,0.9951,0.5,0.5,0.5,0.5,0.5,0.5,0.5,0.5
3255,0.451,0.5,0.5,0.5,0.5,0.5,0.5,0.5,0.5
3256,0.9836,0.5,0.5,0.5,0.5,0.5,0.5,0.5,0.5
3257,0.9943,0.5,0.5,0.5,0.5,0.5,0.5,0.5,0.5
3258,0.9917,0.5,0.5,0.5,0.5,0.5,0.5,0.5,0.5
3259,0.9126,0.5,0.5,0.5,0.5,0.5,0.5,0.5,0.5
3260,0.9588,0.5,0.5,0.5,0.5,0.5,0.5,0.5,0.5
3261,0.9859,0.5,0.5,0.5,0.5,0.5,0.5,0.5,0.5
3262,0.393,0.5,0.5,0.5,0.5,0.5,0.5,0.5,0.5
3263,0.9924,0.5,0.5,0.5,0.5,0.5,0.5,0.5,0.5
3264,0.9427,0.5,0.5,0.5,0.5,0.5,0.5,0.5,0.5
3265,0.9501,0.5,0.5,0.5,0.5,0.5,0.5,0.5,0.5
3266,0.4166,0.5,0.5,0.5,0.5,0.5,0.5,0.5,0.5
3267,0.6317,0.5,0.5,0.5,0.5,0.5,0.5,0.5,0.5
3268,0.8786,0.5,0.5,0.5,0.5,0.5,0.5,0.5,0.5
3269,0.984,0.5,0.5,0.5,0.5,0.5,0.5,0.5,0.5
3270,0.9959,0.5,0.5,0.5,0.5,0.5,0.5,0.5,0.5
3271,0.9628,0.5,0.5,0.5,0.5,0.5,0.5,0.5,0.5
3272,0.9962,0.5,0.5,0.5,0.5,0.5,0.5,0.5,0.5
3273,0.0876,0.5,0.5,0.5,0.5,0.5,0.5,0.5,0.5
3274,0.9681,0.5,0.5,0.5,0.5,0.5,0.5,0.5,0.5
3275,0.9206,0.5,0.5,0.5,0.5,0.5,0.5,0.5,0.5
3276,0.9526,0.5,0.5,0.5,0.5,0.5,0.5,0.5,0.5
3278,0.5576,0.5,0.5,0.5,0.5,0.5,0.5,0.5,0.5
3279,0.9914,0.5,0.5,0.5,0.5,0.5,0.5,0.5,0.5
3280,0.9769,0.5,0.5,0.5,0.5,0.5,0.5,0.5,0.5
3281,0.9519,0.5,0.5,0.5,0.5,0.5,0.5,0.5,0.5
3282,0.0219,0.5,0.5,0.5,0.5,0.5,0.5,0.5,0.5
3283,0.9876,0.5,0.5,0.5,0.5,0.5,0.5,0.5,0.5
3284,0.914,0.5,0.5,0.5,0.5,0.5,0.5,0.5,0.5
3285,0.8971,0.5,0.5,0.5,0.5,0.5,0.5,0.5,0.5
3286,0.9018,0.5,0.5,0.5,0.5,0.5,0.5,0.5,0.5
3287,0.9668,0.5,0.5,0.5,0.5,0.5,0.5,0.5,0.5
3288,0.033,0.5,0.5,0.5,0.5,0.5,0.5,0.5,0.5
3289,0.9789,0.5,0.5,0.5,0.5,0.5,0.5,0.5,0.5
3290,0.9596,0.5,0.5,0.5,0.5,0.5,0.5,0.5,0.5
3291,0.9408,0.5,0.5,0.5,0.5,0.5,0.5,0.5,0.5
3292,0.9777,0.5,0.5,0.5,0.5,0.5,0.5,0.5,0.5
3293,0.9351,0.5,0.5,0.5,0.5,0.5,0.5,0.5,0.5
3294,0.9984,0.5,0.5,0.5,0.5,0.5,0.5,0.5,0.5
3295,0.995,0.5,0.5,0.5,0.5,0.5,0.5,0.5,0.5
3296,0.9853,0.5,0.5,0.5,0.5,0.5,0.5,0.5,0.5
3297,0.9177,0.5,0.5,0.5,0.5,0.5,0.5,0.5,0.5
3298,0.9584,0.5,0.5,0.5,0.5,0.5,0.5,0.5,0.5
3299,0.951,0.5,0.5,0.5,0.5,0.5,0.5,0.5,0.5
3300,0.9738,0.5,0.5,0.5,0.5,0.5,0.5,0.5,0.5
3301,0.0643,0.5,0.5,0.5,0.5,0.5,0.5,0.5,0.5
3302,0.9267,0.5,0.5,0.5,0.5,0.5,0.5,0.5,0.5
3303,0.9871,0.5,0.5,0.5,0.5,0.5,0.5,0.5,0.5
3304,0.3987,0.5,0.5,0.5,0.5,0.5,0.5,0.5,0.5
3305,0.9776,0.5,0.5,0.5,0.5,0.5,0.5,0.5,0.5
3306,0.9164,0.5,0.5,0.5,0.5,0.5,0.5,0.5,0.5
3307,0.9866,0.5,0.5,0.5,0.5,0.5,0.5,0.5,0.5
3308,0.9948,0.5,0.5,0.5,0.5,0.5,0.5,0.5,0.5
3309,0.9949,0.5,0.5,0.5,0.5,0.5,0.5,0.5,0.5
3310,0.9856,0.5,0.5,0.5,0.5,0.5,0.5,0.5,0.5
3311,0.9964,0.5,0.5,0.5,0.5,0.5,0.5,0.5,0.5
3312,0.0125,0.5,0.5,0.5,0.5,0.5,0.5,0.5,0.5
3313,0.9399,0.5,0.5,0.5,0.5,0.5,0.5,0.5,0.5
3314,0.978,0.5,0.5,0.5,0.5,0.5,0.5,0.5,0.5
3315,0.0626,0.5,0.5,0.5,0.5,0.5,0.5,0.5,0.5
3316,0.9883,0.5,0.5,0.5,0.5,0.5,0.5,0.5,0.5
3317,0.3627,0.5,0.5,0.5,0.5,0.5,0.5,0.5,0.5
3318,0.986,0.5,0.5,0.5,0.5,0.5,0.5,0.5,0.5
3319,0.9275,0.5,0.5,0.5,0.5,0.5,0.5,0.5,0.5
3320,0.9934,0.5,0.5,0.5,0.5,0.5,0.5,0.5,0.5
3321,0.9963,0.5,0.5,0.5,0.5,0.5,0.5,0.5,0.5
3322,0.9943,0.5,0.5,0.5,0.5,0.5,0.5,0.5,0.5
3323,0.9758,0.5,0.5,0.5,0.5,0.5,0.5,0.5,0.5
3324,0.984,0.5,0.5,0.5,0.5,0.5,0.5,0.5,0.5
3325,0.9342,0.5,0.5,0.5,0.5,0.5,0.5,0.5,0.5
3326,0.953,0.5,0.5,0.5,0.5,0.5,0.5,0.5,0.5
3327,0.9694,0.5,0.5,0.5,0.5,0.5,0.5,0.5,0.5
3328,0.9615,0.5,0.5,0.5,0.5,0.5,0.5,0.5,0.5
3329,0.9287,0.5,0.5,0.5,0.5,0.5,0.5,0.5,0.5
3330,0.898,0.5,0.5,0.5,0.5,0.5,0.5,0.5,0.5
3331,0.9757,0.5,0.5,0.5,0.5,0.5,0.5,0.5,0.5
3332,0.9736,0.5,0.5,0.5,0.5,0.5,0.5,0.5,0.5
3333,0.9746,0.5,0.5,0.5,0.5,0.5,0.5,0.5,0.5
3334,0.8345,0.5,0.5,0.5,0.5,0.5,0.5,0.5,0.5
3335,0.1429,0.5,0.5,0.5,0.5,0.5,0.5,0.5,0.5
3336,0.984,0.5,0.5,0.5,0.5,0.5,0.5,0.5,0.5
3337,0.9786,0.5,0.5,0.5,0.5,0.5,0.5,0.5,0.5
3338,0.3166,0.5,0.5,0.5,0.5,0.5,0.5,0.5,0.5
3339,0.8909,0.5,0.5,0.5,0.5,0.5,0.5,0.5,0.5
3340,0.9924,0.5,0.5,0.5,0.5,0.5,0.5,0.5,0.5
3341,0.8704,0.5,0.5,0.5,0.5,0.5,0.5,0.5,0.5
3342,0.9533,0.5,0.5,0.5,0.5,0.5,0.5,0.5,0.5
3343,0.9951,0.5,0.5,0.5,0.5,0.5,0.5,0.5,0.5
3344,0.9818,0.5,0.5,0.5,0.5,0.5,0.5,0.5,0.5
3345,0.9842,0.5,0.5,0.5,0.5,0.5,0.5,0.5,0.5
3346,0.9898,0.5,0.5,0.5,0.5,0.5,0.5,0.5,0.5
3347,0.9839,0.5,0.5,0.5,0.5,0.5,0.5,0.5,0.5
3348,0.9931,0.5,0.5,0.5,0.5,0.5,0.5,0.5,0.5
3349,0.94,0.5,0.5,0.5,0.5,0.5,0.5,0.5,0.5
3350,0.67,0.5,0.5,0.5,0.5,0.5,0.5,0.5,0.5
3351,0.9904,0.5,0.5,0.5,0.5,0.5,0.5,0.5,0.5
3352,0.9491,0.5,0.5,0.5,0.5,0.5,0.5,0.5,0.5
3353,0.9912,0.5,0.5,0.5,0.5,0.5,0.5,0.5,0.5
3354,0.9969,0.5,0.5,0.5,0.5,0.5,0.5,0.5,0.5
3355,0.9984,0.5,0.5,0.5,0.5,0.5,0.5,0.5,0.5
3356,0.9972,0.5,0.5,0.5,0.5,0.5,0.5,0.5,0.5
3357,0.9216,0.5,0.5,0.5,0.5,0.5,0.5,0.5,0.5
3358,0.9973,0.5,0.5,0.5,0.5,0.5,0.5,0.5,0.5
3359,0.2966,0.5,0.5,0.5,0.5,0.5,0.5,0.5,0.5
3360,0.996,0.5,0.5,0.5,0.5,0.5,0.5,0.5,0.5
3361,0.8671,0.5,0.5,0.5,0.5,0.5,0.5,0.5,0.5
3362,0.9073,0.5,0.5,0.5,0.5,0.5,0.5,0.5,0.5
3363,0.9478,0.5,0.5,0.5,0.5,0.5,0.5,0.5,0.5
3364,0.9678,0.5,0.5,0.5,0.5,0.5,0.5,0.5,0.5
3365,0.9014,0.5,0.5,0.5,0.5,0.5,0.5,0.5,0.5
3366,0.9956,0.5,0.5,0.5,0.5,0.5,0.5,0.5,0.5
3367,0.9974,0.5,0.5,0.5,0.5,0.5,0.5,0.5,0.5
3368,0.9713,0.5,0.5,0.5,0.5,0.5,0.5,0.5,0.5
3369,0.998,0.5,0.5,0.5,0.5,0.5,0.5,0.5,0.5
3370,0.9945,0.5,0.5,0.5,0.5,0.5,0.5,0.5,0.5
3371,0.9902,0.5,0.5,0.5,0.5,0.5,0.5,0.5,0.5
3372,0.7458,0.5,0.5,0.5,0.5,0.5,0.5,0.5,0.5
3373,0.9966,0.5,0.5,0.5,0.5,0.5,0.5,0.5,0.5
3374,0.8145,0.5,0.5,0.5,0.5,0.5,0.5,0.5,0.5
3375,0.9811,0.5,0.5,0.5,0.5,0.5,0.5,0.5,0.5
3376,0.9884,0.5,0.5,0.5,0.5,0.5,0.5,0.5,0.5
3377,0.9941,0.5,0.5,0.5,0.5,0.5,0.5,0.5,0.5
3378,0.8313,0.5,0.5,0.5,0.5,0.5,0.5,0.5,0.5
3379,0.9783,0.5,0.5,0.5,0.5,0.5,0.5,0.5,0.5
3380,0.9898,0.5,0.5,0.5,0.5,0.5,0.5,0.5,0.5
3381,0.9428,0.5,0.5,0.5,0.5,0.5,0.5,0.5,0.5
3382,0.9726,0.5,0.5,0.5,0.5,0.5,0.5,0.5,0.5
3383,0.9926,0.5,0.5,0.5,0.5,0.5,0.5,0.5,0.5
3384,0.9857,0.5,0.5,0.5,0.5,0.5,0.5,0.5,0.5
3385,0.9972,0.5,0.5,0.5,0.5,0.5,0.5,0.5,0.5
3386,0.9944,0.5,0.5,0.5,0.5,0.5,0.5,0.5,0.5
3387,0.8022,0.5,0.5,0.5,0.5,0.5,0.5,0.5,0.5
3388,0.9782,0.5,0.5,0.5,0.5,0.5,0.5,0.5,0.5
3389,0.9723,0.5,0.5,0.5,0.5,0.5,0.5,0.5,0.5
3390,0.2456,0.5,0.5,0.5,0.5,0.5,0.5,0.5,0.5
3391,0.9751,0.5,0.5,0.5,0.5,0.5,0.5,0.5,0.5
3392,0.9935,0.5,0.5,0.5,0.5,0.5,0.5,0.5,0.5
3393,0.3048,0.5,0.5,0.5,0.5,0.5,0.5,0.5,0.5
3394,0.9853,0.5,0.5,0.5,0.5,0.5,0.5,0.5,0.5
3395,0.9801,0.5,0.5,0.5,0.5,0.5,0.5,0.5,0.5
3396,0.9936,0.5,0.5,0.5,0.5,0.5,0.5,0.5,0.5
3397,0.9942,0.5,0.5,0.5,0.5,0.5,0.5,0.5,0.5
3398,0.845,0.5,0.5,0.5,0.5,0.5,0.5,0.5,0.5
3399,0.9934,0.5,0.5,0.5,0.5,0.5,0.5,0.5,0.5
3400,0.9924,0.5,0.5,0.5,0.5,0.5,0.5,0.5,0.5
3401,0.9489,0.5,0.5,0.5,0.5,0.5,0.5,0.5,0.5
3402,0.6596,0.5,0.5,0.5,0.5,0.5,0.5,0.5,0.5
3403,0.9775,0.5,0.5,0.5,0.5,0.5,0.5,0.5,0.5
3404,0.9688,0.5,0.5,0.5,0.5,0.5,0.5,0.5,0.5
3405,0.9968,0.5,0.5,0.5,0.5,0.5,0.5,0.5,0.5
3406,0.9565,0.5,0.5,0.5,0.5,0.5,0.5,0.5,0.5
3407,0.9849,0.5,0.5,0.5,0.5,0.5,0.5,0.5,0.5
3408,0.9933,0.5,0.5,0.5,0.5,0.5,0.5,0.5,0.5
3409,0.9783,0.5,0.5,0.5,0.5,0.5,0.5,0.5,0.5
3410,0.9487,0.5,0.5,0.5,0.5,0.5,0.5,0.5,0.5
3411,0.9823,0.5,0.5,0.5,0.5,0.5,0.5,0.5,0.5
