unique_id,gender,hold racket handed,play years_0,play years_1,play years_2,level_2,level_3,level_4,level_5
1968,0.5,0.5,0.2216,0.3677,0.4108,0.5,0.5,0.5,0.5
1969,0.5,0.5,0.0335,0.9445,0.022,0.5,0.5,0.5,0.5
1970,0.5,0.5,0.0497,0.9357,0.0146,0.5,0.5,0.5,0.5
1971,0.5,0.5,0.0258,0.9587,0.0155,0.5,0.5,0.5,0.5
1972,0.5,0.5,0.0389,0.9371,0.024,0.5,0.5,0.5,0.5
1973,0.5,0.5,0.0423,0.1236,0.8341,0.5,0.5,0.5,0.5
1974,0.5,0.5,0.0335,0.9514,0.0151,0.5,0.5,0.5,0.5
1975,0.5,0.5,0.0619,0.9024,0.0357,0.5,0.5,0.5,0.5
1976,0.5,0.5,0.0657,0.9152,0.0191,0.5,0.5,0.5,0.5
1977,0.5,0.5,0.0392,0.9451,0.0156,0.5,0.5,0.5,0.5
1978,0.5,0.5,0.0299,0.955,0.015,0.5,0.5,0.5,0.5
1979,0.5,0.5,0.0791,0.9114,0.0095,0.5,0.5,0.5,0.5
1980,0.5,0.5,0.2148,0.2619,0.5233,0.5,0.5,0.5,0.5
1981,0.5,0.5,0.0176,0.9695,0.0128,0.5,0.5,0.5,0.5
1982,0.5,0.5,0.0337,0.9522,0.0141,0.5,0.5,0.5,0.5
1983,0.5,0.5,0.0102,0.9547,0.0351,0.5,0.5,0.5,0.5
1984,0.5,0.5,0.3742,0.1849,0.4408,0.5,0.5,0.5,0.5
1985,0.5,0.5,0.1504,0.434,0.4156,0.5,0.5,0.5,0.5
1986,0.5,0.5,0.0256,0.9549,0.0195,0.5,0.5,0.5,0.5
1987,0.5,0.5,0.0114,0.9495,0.0391,0.5,0.5,0.5,0.5
1988,0.5,0.5,0.5363,0.3439,0.1198,0.5,0.5,0.5,0.5
1989,0.5,0.5,0.0372,0.9464,0.0164,0.5,0.5,0.5,0.5
1990,0.5,0.5,0.0592,0.2742,0.6666,0.5,0.5,0.5,0.5
1991,0.5,0.5,0.0953,0.2747,0.63,0.5,0.5,0.5,0.5
1992,0.5,0.5,0.0295,0.9477,0.0227,0.5,0.5,0.5,0.5
1993,0.5,0.5,0.0177,0.9491,0.0332,0.5,0.5,0.5,0.5
1994,0.5,0.5,0.0256,0.9536,0.0208,0.5,0.5,0.5,0.5
1995,0.5,0.5,0.0426,0.4853,0.4721,0.5,0.5,0.5,0.5
1996,0.5,0.5,0.0261,0.956,0.0178,0.5,0.5,0.5,0.5
1997,0.5,0.5,0.0314,0.954,0.0146,0.5,0.5,0.5,0.5
1998,0.5,0.5,0.0454,0.9329,0.0217,0.5,0.5,0.5,0.5
1999,0.5,0.5,0.0428,0.9428,0.0144,0.5,0.5,0.5,0.5
2000,0.5,0.5,0.1392,0.2921,0.5688,0.5,0.5,0.5,0.5
2001,0.5,0.5,0.0476,0.4227,0.5297,0.5,0.5,0.5,0.5
2002,0.5,0.5,0.0188,0.9484,0.0328,0.5,0.5,0.5,0.5
2003,0.5,0.5,0.0267,0.9471,0.0262,0.5,0.5,0.5,0.5
2004,0.5,0.5,0.0333,0.1266,0.8401,0.5,0.5,0.5,0.5
2005,0.5,0.5,0.1198,0.3633,0.5169,0.5,0.5,0.5,0.5
2006,0.5,0.5,0.0295,0.9526,0.0179,0.5,0.5,0.5,0.5
2007,0.5,0.5,0.5866,0.2256,0.1878,0.5,0.5,0.5,0.5
2008,0.5,0.5,0.0127,0.9477,0.0396,0.5,0.5,0.5,0.5
2009,0.5,0.5,0.0228,0.9433,0.0339,0.5,0.5,0.5,0.5
2010,0.5,0.5,0.0227,0.9579,0.0193,0.5,0.5,0.5,0.5
2011,0.5,0.5,0.3631,0.3247,0.3122,0.5,0.5,0.5,0.5
2012,0.5,0.5,0.0168,0.5143,0.469,0.5,0.5,0.5,0.5
2013,0.5,0.5,0.0272,0.9587,0.014,0.5,0.5,0.5,0.5
2014,0.5,0.5,0.0352,0.9522,0.0127,0.5,0.5,0.5,0.5
2015,0.5,0.5,0.0921,0.504,0.4039,0.5,0.5,0.5,0.5
2016,0.5,0.5,0.0485,0.41,0.5415,0.5,0.5,0.5,0.5
2017,0.5,0.5,0.0208,0.9502,0.029,0.5,0.5,0.5,0.5
2018,0.5,0.5,0.0217,0.9572,0.0211,0.5,0.5,0.5,0.5
2019,0.5,0.5,0.0313,0.9558,0.0128,0.5,0.5,0.5,0.5
2020,0.5,0.5,0.2586,0.25,0.4914,0.5,0.5,0.5,0.5
2021,0.5,0.5,0.4415,0.2809,0.2776,0.5,0.5,0.5,0.5
2022,0.5,0.5,0.1871,0.2257,0.5871,0.5,0.5,0.5,0.5
2023,0.5,0.5,0.0112,0.955,0.0338,0.5,0.5,0.5,0.5
2024,0.5,0.5,0.015,0.9453,0.0397,0.5,0.5,0.5,0.5
2025,0.5,0.5,0.0116,0.9491,0.0392,0.5,0.5,0.5,0.5
2026,0.5,0.5,0.3149,0.2384,0.4467,0.5,0.5,0.5,0.5
2027,0.5,0.5,0.3805,0.1756,0.444,0.5,0.5,0.5,0.5
2028,0.5,0.5,0.0299,0.2213,0.7488,0.5,0.5,0.5,0.5
2029,0.5,0.5,0.0214,0.9596,0.0189,0.5,0.5,0.5,0.5
2030,0.5,0.5,0.0259,0.4371,0.537,0.5,0.5,0.5,0.5
2031,0.5,0.5,0.0784,0.8923,0.0293,0.5,0.5,0.5,0.5
2032,0.5,0.5,0.0368,0.9362,0.0271,0.5,0.5,0.5,0.5
2033,0.5,0.5,0.1565,0.2029,0.6406,0.5,0.5,0.5,0.5
2034,0.5,0.5,0.0191,0.4031,0.5778,0.5,0.5,0.5,0.5
2035,0.5,0.5,0.2427,0.4084,0.3489,0.5,0.5,0.5,0.5
2036,0.5,0.5,0.0553,0.922,0.0228,0.5,0.5,0.5,0.5
2037,0.5,0.5,0.0451,0.0958,0.8591,0.5,0.5,0.5,0.5
2038,0.5,0.5,0.0328,0.9465,0.0207,0.5,0.5,0.5,0.5
2039,0.5,0.5,0.0513,0.9239,0.0249,0.5,0.5,0.5,0.5
2040,0.5,0.5,0.0413,0.9316,0.0271,0.5,0.5,0.5,0.5
2041,0.5,0.5,0.0313,0.9556,0.0131,0.5,0.5,0.5,0.5
2042,0.5,0.5,0.2844,0.3246,0.391,0.5,0.5,0.5,0.5
2043,0.5,0.5,0.0423,0.9314,0.0263,0.5,0.5,0.5,0.5
2044,0.5,0.5,0.3823,0.3173,0.3003,0.5,0.5,0.5,0.5
2045,0.5,0.5,0.0155,0.9543,0.0302,0.5,0.5,0.5,0.5
2046,0.5,0.5,0.0414,0.9294,0.0293,0.5,0.5,0.5,0.5
2047,0.5,0.5,0.0538,0.9252,0.0209,0.5,0.5,0.5,0.5
2048,0.5,0.5,0.0321,0.9461,0.0218,0.5,0.5,0.5,0.5
2049,0.5,0.5,0.0568,0.9252,0.018,0.5,0.5,0.5,0.5
2050,0.5,0.5,0.1019,0.3434,0.5547,0.5,0.5,0.5,0.5
2051,0.5,0.5,0.08,0.2974,0.6225,0.5,0.5,0.5,0.5
2052,0.5,0.5,0.035,0.951,0.014,0.5,0.5,0.5,0.5
2053,0.5,0.5,0.1419,0.2326,0.6255,0.5,0.5,0.5,0.5
2054,0.5,0.5,0.1464,0.2451,0.6085,0.5,0.5,0.5,0.5
2055,0.5,0.5,0.0452,0.9424,0.0124,0.5,0.5,0.5,0.5
2056,0.5,0.5,0.1058,0.2004,0.6938,0.5,0.5,0.5,0.5
2057,0.5,0.5,0.0206,0.949,0.0303,0.5,0.5,0.5,0.5
2058,0.5,0.5,0.0184,0.9483,0.0333,0.5,0.5,0.5,0.5
2059,0.5,0.5,0.0285,0.9548,0.0167,0.5,0.5,0.5,0.5
2060,0.5,0.5,0.021,0.9493,0.0297,0.5,0.5,0.5,0.5
2061,0.5,0.5,0.0877,0.6011,0.3113,0.5,0.5,0.5,0.5
2062,0.5,0.5,0.5395,0.2713,0.1892,0.5,0.5,0.5,0.5
2063,0.5,0.5,0.0147,0.9513,0.034,0.5,0.5,0.5,0.5
2064,0.5,0.5,0.0156,0.9608,0.0236,0.5,0.5,0.5,0.5
2065,0.5,0.5,0.0593,0.1732,0.7675,0.5,0.5,0.5,0.5
2066,0.5,0.5,0.2911,0.1705,0.5384,0.5,0.5,0.5,0.5
2067,0.5,0.5,0.1259,0.5262,0.3479,0.5,0.5,0.5,0.5
2068,0.5,0.5,0.0192,0.9654,0.0154,0.5,0.5,0.5,0.5
2069,0.5,0.5,0.2888,0.3001,0.4111,0.5,0.5,0.5,0.5
2070,0.5,0.5,0.0195,0.9448,0.0357,0.5,0.5,0.5,0.5
2071,0.5,0.5,0.0215,0.9539,0.0247,0.5,0.5,0.5,0.5
2072,0.5,0.5,0.0179,0.9502,0.0319,0.5,0.5,0.5,0.5
2073,0.5,0.5,0.02,0.9665,0.0136,0.5,0.5,0.5,0.5
2074,0.5,0.5,0.0242,0.9477,0.0281,0.5,0.5,0.5,0.5
2075,0.5,0.5,0.0408,0.082,0.8772,0.5,0.5,0.5,0.5
2076,0.5,0.5,0.1063,0.2385,0.6551,0.5,0.5,0.5,0.5
2077,0.5,0.5,0.0316,0.9369,0.0315,0.5,0.5,0.5,0.5
2078,0.5,0.5,0.0966,0.2636,0.6399,0.5,0.5,0.5,0.5
2079,0.5,0.5,0.072,0.3007,0.6273,0.5,0.5,0.5,0.5
2080,0.5,0.5,0.0373,0.9261,0.0366,0.5,0.5,0.5,0.5
2081,0.5,0.5,0.0307,0.9552,0.014,0.5,0.5,0.5,0.5
2082,0.5,0.5,0.1215,0.4144,0.4641,0.5,0.5,0.5,0.5
2083,0.5,0.5,0.0098,0.953,0.0372,0.5,0.5,0.5,0.5
2084,0.5,0.5,0.2341,0.2546,0.5113,0.5,0.5,0.5,0.5
2085,0.5,0.5,0.0589,0.9225,0.0186,0.5,0.5,0.5,0.5
2086,0.5,0.5,0.0246,0.9557,0.0196,0.5,0.5,0.5,0.5
2087,0.5,0.5,0.0339,0.9316,0.0344,0.5,0.5,0.5,0.5
2088,0.5,0.5,0.1025,0.8808,0.0167,0.5,0.5,0.5,0.5
2089,0.5,0.5,0.0211,0.9512,0.0277,0.5,0.5,0.5,0.5
2090,0.5,0.5,0.0212,0.9629,0.0159,0.5,0.5,0.5,0.5
2091,0.5,0.5,0.0161,0.3887,0.5951,0.5,0.5,0.5,0.5
2092,0.5,0.5,0.027,0.9512,0.0218,0.5,0.5,0.5,0.5
2093,0.5,0.5,0.0381,0.9475,0.0144,0.5,0.5,0.5,0.5
2094,0.5,0.5,0.0186,0.9489,0.0326,0.5,0.5,0.5,0.5
2095,0.5,0.5,0.0194,0.9537,0.0269,0.5,0.5,0.5,0.5
2096,0.5,0.5,0.0877,0.1186,0.7937,0.5,0.5,0.5,0.5
2097,0.5,0.5,0.1184,0.4355,0.4461,0.5,0.5,0.5,0.5
2098,0.5,0.5,0.0803,0.4175,0.5023,0.5,0.5,0.5,0.5
2099,0.5,0.5,0.0458,0.9253,0.0289,0.5,0.5,0.5,0.5
2100,0.5,0.5,0.0556,0.1912,0.7532,0.5,0.5,0.5,0.5
2101,0.5,0.5,0.0313,0.1869,0.7817,0.5,0.5,0.5,0.5
2102,0.5,0.5,0.1862,0.2876,0.5262,0.5,0.5,0.5,0.5
2103,0.5,0.5,0.0639,0.9013,0.0348,0.5,0.5,0.5,0.5
2104,0.5,0.5,0.1374,0.1646,0.698,0.5,0.5,0.5,0.5
2105,0.5,0.5,0.0382,0.9425,0.0193,0.5,0.5,0.5,0.5
2106,0.5,0.5,0.0397,0.9392,0.0211,0.5,0.5,0.5,0.5
2107,0.5,0.5,0.0412,0.944,0.0148,0.5,0.5,0.5,0.5
2108,0.5,0.5,0.0412,0.9444,0.0144,0.5,0.5,0.5,0.5
2109,0.5,0.5,0.0206,0.9574,0.022,0.5,0.5,0.5,0.5
2110,0.5,0.5,0.084,0.1195,0.7965,0.5,0.5,0.5,0.5
2111,0.5,0.5,0.2822,0.2168,0.501,0.5,0.5,0.5,0.5
2112,0.5,0.5,0.0143,0.9524,0.0333,0.5,0.5,0.5,0.5
2113,0.5,0.5,0.0933,0.2203,0.6864,0.5,0.5,0.5,0.5
2114,0.5,0.5,0.8466,0.1258,0.0276,0.5,0.5,0.5,0.5
2115,0.5,0.5,0.0374,0.9485,0.0141,0.5,0.5,0.5,0.5
2116,0.5,0.5,0.2212,0.1742,0.6046,0.5,0.5,0.5,0.5
2117,0.5,0.5,0.0268,0.1439,0.8292,0.5,0.5,0.5,0.5
2118,0.5,0.5,0.0203,0.9678,0.0119,0.5,0.5,0.5,0.5
2119,0.5,0.5,0.0155,0.2259,0.7586,0.5,0.5,0.5,0.5
2120,0.5,0.5,0.2981,0.3548,0.3471,0.5,0.5,0.5,0.5
2121,0.5,0.5,0.0185,0.9491,0.0323,0.5,0.5,0.5,0.5
2122,0.5,0.5,0.1998,0.2982,0.5019,0.5,0.5,0.5,0.5
2123,0.5,0.5,0.0162,0.952,0.0318,0.5,0.5,0.5,0.5
2124,0.5,0.5,0.0254,0.9481,0.0265,0.5,0.5,0.5,0.5
2125,0.5,0.5,0.0569,0.9094,0.0337,0.5,0.5,0.5,0.5
2126,0.5,0.5,0.0169,0.9534,0.0297,0.5,0.5,0.5,0.5
2127,0.5,0.5,0.0263,0.9519,0.0218,0.5,0.5,0.5,0.5
2128,0.5,0.5,0.0524,0.92,0.0276,0.5,0.5,0.5,0.5
2129,0.5,0.5,0.0356,0.9384,0.0259,0.5,0.5,0.5,0.5
2130,0.5,0.5,0.0118,0.9573,0.0309,0.5,0.5,0.5,0.5
2131,0.5,0.5,0.0115,0.956,0.0325,0.5,0.5,0.5,0.5
2132,0.5,0.5,0.2495,0.199,0.5515,0.5,0.5,0.5,0.5
2133,0.5,0.5,0.0287,0.9507,0.0207,0.5,0.5,0.5,0.5
2134,0.5,0.5,0.0724,0.911,0.0166,0.5,0.5,0.5,0.5
2135,0.5,0.5,0.4623,0.2425,0.2952,0.5,0.5,0.5,0.5
2136,0.5,0.5,0.0295,0.1935,0.777,0.5,0.5,0.5,0.5
2137,0.5,0.5,0.0261,0.9539,0.02,0.5,0.5,0.5,0.5
2138,0.5,0.5,0.0254,0.9491,0.0255,0.5,0.5,0.5,0.5
2139,0.5,0.5,0.0473,0.9365,0.0162,0.5,0.5,0.5,0.5
2140,0.5,0.5,0.04,0.9444,0.0156,0.5,0.5,0.5,0.5
2141,0.5,0.5,0.0288,0.643,0.3281,0.5,0.5,0.5,0.5
2142,0.5,0.5,0.0167,0.9604,0.0228,0.5,0.5,0.5,0.5
2143,0.5,0.5,0.0275,0.9405,0.032,0.5,0.5,0.5,0.5
2144,0.5,0.5,0.0139,0.9684,0.0177,0.5,0.5,0.5,0.5
2145,0.5,0.5,0.188,0.2091,0.6029,0.5,0.5,0.5,0.5
2146,0.5,0.5,0.0324,0.9523,0.0153,0.5,0.5,0.5,0.5
2147,0.5,0.5,0.0215,0.9476,0.0309,0.5,0.5,0.5,0.5
2148,0.5,0.5,0.0201,0.9498,0.0301,0.5,0.5,0.5,0.5
2149,0.5,0.5,0.0218,0.9381,0.0401,0.5,0.5,0.5,0.5
2150,0.5,0.5,0.0036,0.2106,0.7859,0.5,0.5,0.5,0.5
2151,0.5,0.5,0.0472,0.0951,0.8577,0.5,0.5,0.5,0.5
2152,0.5,0.5,0.0243,0.9463,0.0294,0.5,0.5,0.5,0.5
2153,0.5,0.5,0.4458,0.2212,0.333,0.5,0.5,0.5,0.5
2154,0.5,0.5,0.0238,0.9523,0.0239,0.5,0.5,0.5,0.5
2155,0.5,0.5,0.0145,0.9639,0.0216,0.5,0.5,0.5,0.5
2156,0.5,0.5,0.2231,0.1061,0.6709,0.5,0.5,0.5,0.5
2157,0.5,0.5,0.0278,0.9492,0.0231,0.5,0.5,0.5,0.5
2158,0.5,0.5,0.0288,0.949,0.0222,0.5,0.5,0.5,0.5
2159,0.5,0.5,0.0346,0.9352,0.0302,0.5,0.5,0.5,0.5
2160,0.5,0.5,0.0449,0.9311,0.024,0.5,0.5,0.5,0.5
2161,0.5,0.5,0.057,0.9213,0.0217,0.5,0.5,0.5,0.5
2162,0.5,0.5,0.0208,0.9522,0.0269,0.5,0.5,0.5,0.5
2163,0.5,0.5,0.0216,0.9576,0.0208,0.5,0.5,0.5,0.5
2164,0.5,0.5,0.0363,0.947,0.0167,0.5,0.5,0.5,0.5
2165,0.5,0.5,0.0477,0.9174,0.035,0.5,0.5,0.5,0.5
2166,0.5,0.5,0.3786,0.231,0.3904,0.5,0.5,0.5,0.5
2167,0.5,0.5,0.0453,0.938,0.0167,0.5,0.5,0.5,0.5
2168,0.5,0.5,0.0151,0.9488,0.0362,0.5,0.5,0.5,0.5
2169,0.5,0.5,0.1797,0.2658,0.5545,0.5,0.5,0.5,0.5
2170,0.5,0.5,0.064,0.9157,0.0203,0.5,0.5,0.5,0.5
2171,0.5,0.5,0.0057,0.9413,0.053,0.5,0.5,0.5,0.5
2172,0.5,0.5,0.0137,0.3742,0.612,0.5,0.5,0.5,0.5
2173,0.5,0.5,0.0191,0.9549,0.026,0.5,0.5,0.5,0.5
2175,0.5,0.5,0.153,0.2391,0.6079,0.5,0.5,0.5,0.5
2176,0.5,0.5,0.5171,0.122,0.3609,0.5,0.5,0.5,0.5
2177,0.5,0.5,0.0211,0.9509,0.028,0.5,0.5,0.5,0.5
2178,0.5,0.5,0.0148,0.9562,0.029,0.5,0.5,0.5,0.5
2179,0.5,0.5,0.0099,0.9535,0.0366,0.5,0.5,0.5,0.5
2180,0.5,0.5,0.0047,0.24,0.7554,0.5,0.5,0.5,0.5
2181,0.5,0.5,0.0763,0.1197,0.8039,0.5,0.5,0.5,0.5
2183,0.5,0.5,0.268,0.3348,0.3972,0.5,0.5,0.5,0.5
2184,0.5,0.5,0.5324,0.1139,0.3537,0.5,0.5,0.5,0.5
2185,0.5,0.5,0.0924,0.3006,0.6069,0.5,0.5,0.5,0.5
2186,0.5,0.5,0.0146,0.9589,0.0265,0.5,0.5,0.5,0.5
2187,0.5,0.5,0.0611,0.1288,0.8101,0.5,0.5,0.5,0.5
2188,0.5,0.5,0.0175,0.9492,0.0332,0.5,0.5,0.5,0.5
2189,0.5,0.5,0.0272,0.7696,0.2032,0.5,0.5,0.5,0.5
2190,0.5,0.5,0.0261,0.9505,0.0234,0.5,0.5,0.5,0.5
2191,0.5,0.5,0.0068,0.2466,0.7465,0.5,0.5,0.5,0.5
2192,0.5,0.5,0.0506,0.9332,0.0163,0.5,0.5,0.5,0.5
2193,0.5,0.5,0.0208,0.9456,0.0335,0.5,0.5,0.5,0.5
2194,0.5,0.5,0.0207,0.9501,0.0292,0.5,0.5,0.5,0.5
2195,0.5,0.5,0.0826,0.8958,0.0216,0.5,0.5,0.5,0.5
2196,0.5,0.5,0.0135,0.9502,0.0363,0.5,0.5,0.5,0.5
2197,0.5,0.5,0.0263,0.9491,0.0246,0.5,0.5,0.5,0.5
2198,0.5,0.5,0.0216,0.9476,0.0308,0.5,0.5,0.5,0.5
2199,0.5,0.5,0.015,0.9517,0.0333,0.5,0.5,0.5,0.5
2200,0.5,0.5,0.8171,0.0851,0.0978,0.5,0.5,0.5,0.5
2201,0.5,0.5,0.1658,0.1452,0.689,0.5,0.5,0.5,0.5
2202,0.5,0.5,0.0345,0.9461,0.0194,0.5,0.5,0.5,0.5
2203,0.5,0.5,0.0195,0.9645,0.016,0.5,0.5,0.5,0.5
2204,0.5,0.5,0.0161,0.9446,0.0393,0.5,0.5,0.5,0.5
2205,0.5,0.5,0.2025,0.2356,0.5619,0.5,0.5,0.5,0.5
2206,0.5,0.5,0.0309,0.9575,0.0117,0.5,0.5,0.5,0.5
2207,0.5,0.5,0.0095,0.136,0.8545,0.5,0.5,0.5,0.5
2208,0.5,0.5,0.0364,0.9482,0.0153,0.5,0.5,0.5,0.5
2209,0.5,0.5,0.2261,0.3388,0.4351,0.5,0.5,0.5,0.5
2210,0.5,0.5,0.0404,0.9376,0.022,0.5,0.5,0.5,0.5
2211,0.5,0.5,0.0357,0.0793,0.885,0.5,0.5,0.5,0.5
2212,0.5,0.5,0.0643,0.5733,0.3624,0.5,0.5,0.5,0.5
2213,0.5,0.5,0.0395,0.2186,0.742,0.5,0.5,0.5,0.5
2214,0.5,0.5,0.0171,0.9539,0.029,0.5,0.5,0.5,0.5
2215,0.5,0.5,0.0623,0.9166,0.0212,0.5,0.5,0.5,0.5
2216,0.5,0.5,0.0821,0.2975,0.6204,0.5,0.5,0.5,0.5
2217,0.5,0.5,0.0355,0.429,0.5355,0.5,0.5,0.5,0.5
2218,0.5,0.5,0.0128,0.9538,0.0334,0.5,0.5,0.5,0.5
2219,0.5,0.5,0.1685,0.2704,0.5611,0.5,0.5,0.5,0.5
2220,0.5,0.5,0.0125,0.9666,0.0209,0.5,0.5,0.5,0.5
2221,0.5,0.5,0.1173,0.587,0.2956,0.5,0.5,0.5,0.5
2222,0.5,0.5,0.0388,0.9442,0.017,0.5,0.5,0.5,0.5
2223,0.5,0.5,0.0333,0.9365,0.0302,0.5,0.5,0.5,0.5
2224,0.5,0.5,0.0294,0.9342,0.0363,0.5,0.5,0.5,0.5
2225,0.5,0.5,0.0458,0.9396,0.0146,0.5,0.5,0.5,0.5
2226,0.5,0.5,0.0059,0.2366,0.7576,0.5,0.5,0.5,0.5
2227,0.5,0.5,0.2174,0.1338,0.6487,0.5,0.5,0.5,0.5
2228,0.5,0.5,0.2551,0.3676,0.3772,0.5,0.5,0.5,0.5
2229,0.5,0.5,0.0409,0.9434,0.0157,0.5,0.5,0.5,0.5
2230,0.5,0.5,0.2026,0.4619,0.3355,0.5,0.5,0.5,0.5
2231,0.5,0.5,0.1329,0.3084,0.5586,0.5,0.5,0.5,0.5
2232,0.5,0.5,0.1664,0.2931,0.5405,0.5,0.5,0.5,0.5
2233,0.5,0.5,0.0148,0.2395,0.7457,0.5,0.5,0.5,0.5
2234,0.5,0.5,0.1229,0.3909,0.4862,0.5,0.5,0.5,0.5
2235,0.5,0.5,0.0495,0.9386,0.0119,0.5,0.5,0.5,0.5
2236,0.5,0.5,0.0637,0.925,0.0114,0.5,0.5,0.5,0.5
2237,0.5,0.5,0.0654,0.9198,0.0147,0.5,0.5,0.5,0.5
2238,0.5,0.5,0.0746,0.1691,0.7563,0.5,0.5,0.5,0.5
2239,0.5,0.5,0.0306,0.9467,0.0227,0.5,0.5,0.5,0.5
2240,0.5,0.5,0.0271,0.9494,0.0235,0.5,0.5,0.5,0.5
2241,0.5,0.5,0.2333,0.3181,0.4486,0.5,0.5,0.5,0.5
2243,0.5,0.5,0.0264,0.9504,0.0232,0.5,0.5,0.5,0.5
2244,0.5,0.5,0.0372,0.9343,0.0284,0.5,0.5,0.5,0.5
2245,0.5,0.5,0.0156,0.9536,0.0308,0.5,0.5,0.5,0.5
2246,0.5,0.5,0.1454,0.4467,0.408,0.5,0.5,0.5,0.5
2247,0.5,0.5,0.0553,0.9084,0.0363,0.5,0.5,0.5,0.5
2248,0.5,0.5,0.0216,0.9425,0.0359,0.5,0.5,0.5,0.5
2249,0.5,0.5,0.0162,0.9523,0.0315,0.5,0.5,0.5,0.5
2250,0.5,0.5,0.0367,0.9492,0.0142,0.5,0.5,0.5,0.5
2251,0.5,0.5,0.0275,0.9612,0.0113,0.5,0.5,0.5,0.5
2252,0.5,0.5,0.7684,0.1993,0.0322,0.5,0.5,0.5,0.5
2253,0.5,0.5,0.026,0.9477,0.0262,0.5,0.5,0.5,0.5
2254,0.5,0.5,0.0296,0.943,0.0274,0.5,0.5,0.5,0.5
2255,0.5,0.5,0.0382,0.9455,0.0163,0.5,0.5,0.5,0.5
2256,0.5,0.5,0.1058,0.2603,0.6339,0.5,0.5,0.5,0.5
2257,0.5,0.5,0.0338,0.9487,0.0175,0.5,0.5,0.5,0.5
2258,0.5,0.5,0.4774,0.2723,0.2502,0.5,0.5,0.5,0.5
2259,0.5,0.5,0.0838,0.2866,0.6296,0.5,0.5,0.5,0.5
2260,0.5,0.5,0.0173,0.9495,0.0332,0.5,0.5,0.5,0.5
2261,0.5,0.5,0.0426,0.2464,0.711,0.5,0.5,0.5,0.5
2262,0.5,0.5,0.0238,0.9432,0.0329,0.5,0.5,0.5,0.5
2263,0.5,0.5,0.027,0.9575,0.0155,0.5,0.5,0.5,0.5
2264,0.5,0.5,0.032,0.946,0.0221,0.5,0.5,0.5,0.5
2265,0.5,0.5,0.0294,0.9473,0.0233,0.5,0.5,0.5,0.5
2266,0.5,0.5,0.037,0.9256,0.0374,0.5,0.5,0.5,0.5
2267,0.5,0.5,0.0867,0.0846,0.8287,0.5,0.5,0.5,0.5
2268,0.5,0.5,0.0583,0.9333,0.0085,0.5,0.5,0.5,0.5
2269,0.5,0.5,0.1124,0.3395,0.5481,0.5,0.5,0.5,0.5
2270,0.5,0.5,0.5,0.272,0.228,0.5,0.5,0.5,0.5
2271,0.5,0.5,0.0315,0.9555,0.013,0.5,0.5,0.5,0.5
2272,0.5,0.5,0.028,0.9481,0.0239,0.5,0.5,0.5,0.5
2273,0.5,0.5,0.3426,0.4182,0.2392,0.5,0.5,0.5,0.5
2274,0.5,0.5,0.0177,0.9504,0.0319,0.5,0.5,0.5,0.5
2275,0.5,0.5,0.2937,0.1868,0.5195,0.5,0.5,0.5,0.5
2276,0.5,0.5,0.0435,0.9415,0.015,0.5,0.5,0.5,0.5
2277,0.5,0.5,0.0137,0.967,0.0193,0.5,0.5,0.5,0.5
2278,0.5,0.5,0.0046,0.2168,0.7786,0.5,0.5,0.5,0.5
2279,0.5,0.5,0.5763,0.2523,0.1714,0.5,0.5,0.5,0.5
2280,0.5,0.5,0.0149,0.9467,0.0384,0.5,0.5,0.5,0.5
2281,0.5,0.5,0.0227,0.9526,0.0247,0.5,0.5,0.5,0.5
2282,0.5,0.5,0.0515,0.9288,0.0197,0.5,0.5,0.5,0.5
2283,0.5,0.5,0.3516,0.3473,0.3012,0.5,0.5,0.5,0.5
2284,0.5,0.5,0.2596,0.194,0.5464,0.5,0.5,0.5,0.5
2285,0.5,0.5,0.3923,0.2791,0.3286,0.5,0.5,0.5,0.5
2286,0.5,0.5,0.0184,0.9531,0.0285,0.5,0.5,0.5,0.5
2287,0.5,0.5,0.0206,0.963,0.0164,0.5,0.5,0.5,0.5
2288,0.5,0.5,0.4427,0.2175,0.3397,0.5,0.5,0.5,0.5
2289,0.5,0.5,0.0298,0.372,0.5983,0.5,0.5,0.5,0.5
2290,0.5,0.5,0.2547,0.2587,0.4866,0.5,0.5,0.5,0.5
2291,0.5,0.5,0.1107,0.3491,0.5402,0.5,0.5,0.5,0.5
2292,0.5,0.5,0.0318,0.9437,0.0245,0.5,0.5,0.5,0.5
2293,0.5,0.5,0.2599,0.2774,0.4627,0.5,0.5,0.5,0.5
2294,0.5,0.5,0.4051,0.2466,0.3483,0.5,0.5,0.5,0.5
2295,0.5,0.5,0.116,0.2083,0.6758,0.5,0.5,0.5,0.5
2296,0.5,0.5,0.5054,0.0972,0.3974,0.5,0.5,0.5,0.5
2297,0.5,0.5,0.0362,0.941,0.0228,0.5,0.5,0.5,0.5
2298,0.5,0.5,0.0171,0.9515,0.0315,0.5,0.5,0.5,0.5
2299,0.5,0.5,0.102,0.1485,0.7495,0.5,0.5,0.5,0.5
2300,0.5,0.5,0.0303,0.9523,0.0174,0.5,0.5,0.5,0.5
2301,0.5,0.5,0.017,0.9573,0.0258,0.5,0.5,0.5,0.5
2302,0.5,0.5,0.0108,0.9532,0.036,0.5,0.5,0.5,0.5
2303,0.5,0.5,0.0358,0.9488,0.0154,0.5,0.5,0.5,0.5
2304,0.5,0.5,0.1975,0.4131,0.3894,0.5,0.5,0.5,0.5
2305,0.5,0.5,0.0313,0.9502,0.0185,0.5,0.5,0.5,0.5
2307,0.5,0.5,0.0256,0.9548,0.0195,0.5,0.5,0.5,0.5
2308,0.5,0.5,0.0192,0.9546,0.0262,0.5,0.5,0.5,0.5
2309,0.5,0.5,0.0389,0.9372,0.0239,0.5,0.5,0.5,0.5
2310,0.5,0.5,0.0117,0.9529,0.0354,0.5,0.5,0.5,0.5
2311,0.5,0.5,0.2832,0.2349,0.4819,0.5,0.5,0.5,0.5
2312,0.5,0.5,0.0378,0.9416,0.0206,0.5,0.5,0.5,0.5
2313,0.5,0.5,0.0234,0.9534,0.0233,0.5,0.5,0.5,0.5
2314,0.5,0.5,0.0283,0.4711,0.5006,0.5,0.5,0.5,0.5
2315,0.5,0.5,0.0363,0.9427,0.021,0.5,0.5,0.5,0.5
2316,0.5,0.5,0.0369,0.9377,0.0254,0.5,0.5,0.5,0.5
2317,0.5,0.5,0.0238,0.9551,0.0211,0.5,0.5,0.5,0.5
2318,0.5,0.5,0.0317,0.9486,0.0197,0.5,0.5,0.5,0.5
2319,0.5,0.5,0.0721,0.9011,0.0268,0.5,0.5,0.5,0.5
2320,0.5,0.5,0.0036,0.1143,0.8821,0.5,0.5,0.5,0.5
2321,0.5,0.5,0.0299,0.9446,0.0254,0.5,0.5,0.5,0.5
2322,0.5,0.5,0.0919,0.1836,0.7246,0.5,0.5,0.5,0.5
2323,0.5,0.5,0.029,0.9491,0.0218,0.5,0.5,0.5,0.5
2324,0.5,0.5,0.0266,0.954,0.0194,0.5,0.5,0.5,0.5
2325,0.5,0.5,0.0286,0.9557,0.0157,0.5,0.5,0.5,0.5
2326,0.5,0.5,0.1282,0.8424,0.0294,0.5,0.5,0.5,0.5
2327,0.5,0.5,0.0256,0.9466,0.0277,0.5,0.5,0.5,0.5
2328,0.5,0.5,0.0393,0.9376,0.0231,0.5,0.5,0.5,0.5
2329,0.5,0.5,0.009,0.9509,0.04,0.5,0.5,0.5,0.5
2330,0.5,0.5,0.0299,0.9552,0.0148,0.5,0.5,0.5,0.5
2331,0.5,0.5,0.0241,0.9501,0.0257,0.5,0.5,0.5,0.5
2332,0.5,0.5,0.0849,0.8974,0.0177,0.5,0.5,0.5,0.5
2333,0.5,0.5,0.0302,0.9485,0.0214,0.5,0.5,0.5,0.5
2334,0.5,0.5,0.0899,0.1184,0.7916,0.5,0.5,0.5,0.5
2335,0.5,0.5,0.0294,0.9513,0.0192,0.5,0.5,0.5,0.5
2336,0.5,0.5,0.0301,0.958,0.0119,0.5,0.5,0.5,0.5
2337,0.5,0.5,0.027,0.9478,0.0252,0.5,0.5,0.5,0.5
2338,0.5,0.5,0.0898,0.8877,0.0225,0.5,0.5,0.5,0.5
2339,0.5,0.5,0.0342,0.9492,0.0166,0.5,0.5,0.5,0.5
2340,0.5,0.5,0.0303,0.948,0.0217,0.5,0.5,0.5,0.5
2341,0.5,0.5,0.0468,0.9377,0.0155,0.5,0.5,0.5,0.5
2342,0.5,0.5,0.0442,0.9495,0.0063,0.5,0.5,0.5,0.5
2343,0.5,0.5,0.0443,0.9271,0.0286,0.5,0.5,0.5,0.5
2344,0.5,0.5,0.5141,0.2329,0.253,0.5,0.5,0.5,0.5
2345,0.5,0.5,0.0357,0.9368,0.0276,0.5,0.5,0.5,0.5
2346,0.5,0.5,0.7022,0.1735,0.1242,0.5,0.5,0.5,0.5
2347,0.5,0.5,0.4092,0.4303,0.1605,0.5,0.5,0.5,0.5
2348,0.5,0.5,0.0302,0.4913,0.4785,0.5,0.5,0.5,0.5
2349,0.5,0.5,0.0186,0.9529,0.0286,0.5,0.5,0.5,0.5
2350,0.5,0.5,0.0273,0.941,0.0317,0.5,0.5,0.5,0.5
2351,0.5,0.5,0.5956,0.1969,0.2075,0.5,0.5,0.5,0.5
2352,0.5,0.5,0.0302,0.9475,0.0222,0.5,0.5,0.5,0.5
2353,0.5,0.5,0.0278,0.9526,0.0196,0.5,0.5,0.5,0.5
2354,0.5,0.5,0.4337,0.4619,0.1044,0.5,0.5,0.5,0.5
2355,0.5,0.5,0.0263,0.9496,0.0241,0.5,0.5,0.5,0.5
2356,0.5,0.5,0.0478,0.9323,0.0198,0.5,0.5,0.5,0.5
2357,0.5,0.5,0.0127,0.9565,0.0308,0.5,0.5,0.5,0.5
2358,0.5,0.5,0.1414,0.313,0.5457,0.5,0.5,0.5,0.5
2359,0.5,0.5,0.0236,0.9489,0.0274,0.5,0.5,0.5,0.5
2360,0.5,0.5,0.0213,0.9451,0.0336,0.5,0.5,0.5,0.5
2361,0.5,0.5,0.0291,0.945,0.0259,0.5,0.5,0.5,0.5
2362,0.5,0.5,0.4754,0.2256,0.299,0.5,0.5,0.5,0.5
2363,0.5,0.5,0.2857,0.1848,0.5295,0.5,0.5,0.5,0.5
2364,0.5,0.5,0.0193,0.9513,0.0293,0.5,0.5,0.5,0.5
2365,0.5,0.5,0.0545,0.3133,0.6322,0.5,0.5,0.5,0.5
2366,0.5,0.5,0.057,0.9243,0.0187,0.5,0.5,0.5,0.5
2367,0.5,0.5,0.3923,0.2613,0.3463,0.5,0.5,0.5,0.5
2368,0.5,0.5,0.0187,0.9529,0.0284,0.5,0.5,0.5,0.5
2369,0.5,0.5,0.0877,0.409,0.5033,0.5,0.5,0.5,0.5
2370,0.5,0.5,0.0307,0.9349,0.0343,0.5,0.5,0.5,0.5
2371,0.5,0.5,0.0442,0.9387,0.0171,0.5,0.5,0.5,0.5
2372,0.5,0.5,0.251,0.3423,0.4066,0.5,0.5,0.5,0.5
2373,0.5,0.5,0.0217,0.087,0.8913,0.5,0.5,0.5,0.5
2374,0.5,0.5,0.0452,0.9357,0.0191,0.5,0.5,0.5,0.5
2375,0.5,0.5,0.0193,0.9441,0.0366,0.5,0.5,0.5,0.5
2376,0.5,0.5,0.0186,0.9585,0.0228,0.5,0.5,0.5,0.5
2377,0.5,0.5,0.0187,0.9628,0.0185,0.5,0.5,0.5,0.5
2378,0.5,0.5,0.1202,0.4807,0.3992,0.5,0.5,0.5,0.5
2379,0.5,0.5,0.7368,0.1296,0.1336,0.5,0.5,0.5,0.5
2380,0.5,0.5,0.0426,0.9402,0.0172,0.5,0.5,0.5,0.5
2381,0.5,0.5,0.7793,0.1615,0.0592,0.5,0.5,0.5,0.5
2382,0.5,0.5,0.0358,0.1167,0.8476,0.5,0.5,0.5,0.5
2383,0.5,0.5,0.0547,0.9348,0.0105,0.5,0.5,0.5,0.5
2384,0.5,0.5,0.0322,0.9486,0.0192,0.5,0.5,0.5,0.5
2385,0.5,0.5,0.0433,0.9261,0.0306,0.5,0.5,0.5,0.5
2386,0.5,0.5,0.0133,0.9681,0.0185,0.5,0.5,0.5,0.5
2387,0.5,0.5,0.0051,0.5041,0.4908,0.5,0.5,0.5,0.5
2388,0.5,0.5,0.0201,0.9486,0.0313,0.5,0.5,0.5,0.5
2389,0.5,0.5,0.1847,0.2337,0.5816,0.5,0.5,0.5,0.5
2390,0.5,0.5,0.0211,0.9674,0.0115,0.5,0.5,0.5,0.5
2391,0.5,0.5,0.0298,0.9559,0.0143,0.5,0.5,0.5,0.5
2392,0.5,0.5,0.042,0.9374,0.0205,0.5,0.5,0.5,0.5
2393,0.5,0.5,0.0515,0.9173,0.0312,0.5,0.5,0.5,0.5
2394,0.5,0.5,0.0193,0.9572,0.0235,0.5,0.5,0.5,0.5
2395,0.5,0.5,0.0106,0.3934,0.596,0.5,0.5,0.5,0.5
2396,0.5,0.5,0.0662,0.5375,0.3963,0.5,0.5,0.5,0.5
2397,0.5,0.5,0.0219,0.9567,0.0214,0.5,0.5,0.5,0.5
2398,0.5,0.5,0.1252,0.0965,0.7783,0.5,0.5,0.5,0.5
2399,0.5,0.5,0.7059,0.2382,0.0559,0.5,0.5,0.5,0.5
2400,0.5,0.5,0.0252,0.9513,0.0235,0.5,0.5,0.5,0.5
2401,0.5,0.5,0.0235,0.9592,0.0174,0.5,0.5,0.5,0.5
2402,0.5,0.5,0.4841,0.2622,0.2537,0.5,0.5,0.5,0.5
2403,0.5,0.5,0.0441,0.9387,0.0172,0.5,0.5,0.5,0.5
2404,0.5,0.5,0.0217,0.9541,0.0242,0.5,0.5,0.5,0.5
2405,0.5,0.5,0.0368,0.9478,0.0154,0.5,0.5,0.5,0.5
2406,0.5,0.5,0.0216,0.232,0.7464,0.5,0.5,0.5,0.5
2407,0.5,0.5,0.0812,0.1519,0.7669,0.5,0.5,0.5,0.5
2408,0.5,0.5,0.2153,0.29,0.4947,0.5,0.5,0.5,0.5
2409,0.5,0.5,0.016,0.9483,0.0357,0.5,0.5,0.5,0.5
2410,0.5,0.5,0.5763,0.1147,0.309,0.5,0.5,0.5,0.5
2411,0.5,0.5,0.0229,0.9493,0.0278,0.5,0.5,0.5,0.5
2412,0.5,0.5,0.0164,0.9503,0.0333,0.5,0.5,0.5,0.5
2413,0.5,0.5,0.6704,0.2229,0.1067,0.5,0.5,0.5,0.5
2414,0.5,0.5,0.1449,0.1195,0.7357,0.5,0.5,0.5,0.5
2415,0.5,0.5,0.1412,0.2016,0.6572,0.5,0.5,0.5,0.5
2416,0.5,0.5,0.1702,0.2205,0.6094,0.5,0.5,0.5,0.5
2417,0.5,0.5,0.0455,0.9397,0.0148,0.5,0.5,0.5,0.5
2418,0.5,0.5,0.0222,0.9557,0.0221,0.5,0.5,0.5,0.5
2419,0.5,0.5,0.0179,0.959,0.0231,0.5,0.5,0.5,0.5
2420,0.5,0.5,0.0201,0.3576,0.6223,0.5,0.5,0.5,0.5
2421,0.5,0.5,0.0274,0.9516,0.021,0.5,0.5,0.5,0.5
2422,0.5,0.5,0.0276,0.9582,0.0142,0.5,0.5,0.5,0.5
2423,0.5,0.5,0.8326,0.1106,0.0568,0.5,0.5,0.5,0.5
2424,0.5,0.5,0.0363,0.9315,0.0322,0.5,0.5,0.5,0.5
2425,0.5,0.5,0.2799,0.2802,0.44,0.5,0.5,0.5,0.5
2426,0.5,0.5,0.2776,0.2067,0.5158,0.5,0.5,0.5,0.5
2427,0.5,0.5,0.0126,0.9459,0.0415,0.5,0.5,0.5,0.5
2429,0.5,0.5,0.1448,0.1855,0.6697,0.5,0.5,0.5,0.5
2430,0.5,0.5,0.2576,0.1846,0.5578,0.5,0.5,0.5,0.5
2431,0.5,0.5,0.1471,0.8351,0.0178,0.5,0.5,0.5,0.5
2432,0.5,0.5,0.0373,0.9444,0.0183,0.5,0.5,0.5,0.5
2433,0.5,0.5,0.0153,0.952,0.0328,0.5,0.5,0.5,0.5
2434,0.5,0.5,0.0376,0.9362,0.0261,0.5,0.5,0.5,0.5
2435,0.5,0.5,0.0285,0.9516,0.0199,0.5,0.5,0.5,0.5
2436,0.5,0.5,0.0176,0.9574,0.0249,0.5,0.5,0.5,0.5
2437,0.5,0.5,0.024,0.9544,0.0216,0.5,0.5,0.5,0.5
2438,0.5,0.5,0.3393,0.296,0.3647,0.5,0.5,0.5,0.5
2439,0.5,0.5,0.0204,0.9538,0.0258,0.5,0.5,0.5,0.5
2440,0.5,0.5,0.0157,0.9636,0.0207,0.5,0.5,0.5,0.5
2441,0.5,0.5,0.2512,0.329,0.4199,0.5,0.5,0.5,0.5
2442,0.5,0.5,0.0429,0.9409,0.0162,0.5,0.5,0.5,0.5
2443,0.5,0.5,0.2096,0.3422,0.4482,0.5,0.5,0.5,0.5
2444,0.5,0.5,0.0106,0.9527,0.0367,0.5,0.5,0.5,0.5
2445,0.5,0.5,0.0105,0.9511,0.0384,0.5,0.5,0.5,0.5
2446,0.5,0.5,0.0237,0.9488,0.0275,0.5,0.5,0.5,0.5
2447,0.5,0.5,0.2395,0.2455,0.515,0.5,0.5,0.5,0.5
2448,0.5,0.5,0.0498,0.093,0.8572,0.5,0.5,0.5,0.5
2449,0.5,0.5,0.1575,0.3902,0.4523,0.5,0.5,0.5,0.5
2450,0.5,0.5,0.0182,0.9449,0.0369,0.5,0.5,0.5,0.5
2451,0.5,0.5,0.1784,0.3343,0.4872,0.5,0.5,0.5,0.5
2452,0.5,0.5,0.0187,0.9565,0.0249,0.5,0.5,0.5,0.5
2453,0.5,0.5,0.1834,0.2843,0.5323,0.5,0.5,0.5,0.5
2454,0.5,0.5,0.1893,0.306,0.5047,0.5,0.5,0.5,0.5
2455,0.5,0.5,0.017,0.9576,0.0254,0.5,0.5,0.5,0.5
2456,0.5,0.5,0.0495,0.9309,0.0195,0.5,0.5,0.5,0.5
2457,0.5,0.5,0.0392,0.9444,0.0165,0.5,0.5,0.5,0.5
2458,0.5,0.5,0.028,0.9368,0.0352,0.5,0.5,0.5,0.5
2459,0.5,0.5,0.419,0.2698,0.3112,0.5,0.5,0.5,0.5
2460,0.5,0.5,0.0333,0.9434,0.0233,0.5,0.5,0.5,0.5
2461,0.5,0.5,0.0272,0.9462,0.0265,0.5,0.5,0.5,0.5
2462,0.5,0.5,0.0248,0.9498,0.0254,0.5,0.5,0.5,0.5
2463,0.5,0.5,0.0057,0.1853,0.809,0.5,0.5,0.5,0.5
2464,0.5,0.5,0.5011,0.2664,0.2325,0.5,0.5,0.5,0.5
2465,0.5,0.5,0.5801,0.2793,0.1406,0.5,0.5,0.5,0.5
2466,0.5,0.5,0.0146,0.1554,0.83,0.5,0.5,0.5,0.5
2467,0.5,0.5,0.5479,0.258,0.1941,0.5,0.5,0.5,0.5
2468,0.5,0.5,0.0228,0.9591,0.0181,0.5,0.5,0.5,0.5
2469,0.5,0.5,0.0988,0.3488,0.5524,0.5,0.5,0.5,0.5
2470,0.5,0.5,0.0804,0.8855,0.034,0.5,0.5,0.5,0.5
2471,0.5,0.5,0.0319,0.1669,0.8012,0.5,0.5,0.5,0.5
2472,0.5,0.5,0.0324,0.9469,0.0207,0.5,0.5,0.5,0.5
2473,0.5,0.5,0.2745,0.3228,0.4027,0.5,0.5,0.5,0.5
2474,0.5,0.5,0.0213,0.9509,0.0278,0.5,0.5,0.5,0.5
2475,0.5,0.5,0.0219,0.9555,0.0226,0.5,0.5,0.5,0.5
2476,0.5,0.5,0.0578,0.9243,0.0179,0.5,0.5,0.5,0.5
2477,0.5,0.5,0.1279,0.2495,0.6227,0.5,0.5,0.5,0.5
2478,0.5,0.5,0.0333,0.9523,0.0144,0.5,0.5,0.5,0.5
2479,0.5,0.5,0.0317,0.9432,0.0251,0.5,0.5,0.5,0.5
2480,0.5,0.5,0.117,0.2704,0.6126,0.5,0.5,0.5,0.5
2481,0.5,0.5,0.2576,0.3222,0.4202,0.5,0.5,0.5,0.5
2482,0.5,0.5,0.0089,0.2606,0.7306,0.5,0.5,0.5,0.5
2483,0.5,0.5,0.0361,0.9388,0.0251,0.5,0.5,0.5,0.5
2484,0.5,0.5,0.0292,0.9489,0.0219,0.5,0.5,0.5,0.5
2485,0.5,0.5,0.1865,0.4332,0.3803,0.5,0.5,0.5,0.5
2486,0.5,0.5,0.0122,0.9737,0.0142,0.5,0.5,0.5,0.5
2487,0.5,0.5,0.0158,0.9649,0.0193,0.5,0.5,0.5,0.5
2488,0.5,0.5,0.041,0.9446,0.0144,0.5,0.5,0.5,0.5
2489,0.5,0.5,0.0222,0.9571,0.0207,0.5,0.5,0.5,0.5
2490,0.5,0.5,0.0276,0.947,0.0254,0.5,0.5,0.5,0.5
2491,0.5,0.5,0.0774,0.6293,0.2933,0.5,0.5,0.5,0.5
2492,0.5,0.5,0.1037,0.3016,0.5946,0.5,0.5,0.5,0.5
2493,0.5,0.5,0.3459,0.2751,0.3791,0.5,0.5,0.5,0.5
2494,0.5,0.5,0.243,0.5287,0.2282,0.5,0.5,0.5,0.5
2495,0.5,0.5,0.0234,0.9622,0.0144,0.5,0.5,0.5,0.5
2496,0.5,0.5,0.0295,0.9374,0.0331,0.5,0.5,0.5,0.5
2497,0.5,0.5,0.1381,0.2318,0.6301,0.5,0.5,0.5,0.5
2498,0.5,0.5,0.0236,0.9531,0.0233,0.5,0.5,0.5,0.5
2499,0.5,0.5,0.0186,0.9541,0.0273,0.5,0.5,0.5,0.5
2500,0.5,0.5,0.0447,0.9339,0.0214,0.5,0.5,0.5,0.5
2501,0.5,0.5,0.0162,0.9475,0.0363,0.5,0.5,0.5,0.5
2502,0.5,0.5,0.0207,0.955,0.0243,0.5,0.5,0.5,0.5
2503,0.5,0.5,0.3106,0.3801,0.3093,0.5,0.5,0.5,0.5
2504,0.5,0.5,0.0444,0.918,0.0376,0.5,0.5,0.5,0.5
2505,0.5,0.5,0.0273,0.958,0.0147,0.5,0.5,0.5,0.5
2506,0.5,0.5,0.0141,0.9724,0.0135,0.5,0.5,0.5,0.5
2507,0.5,0.5,0.5472,0.2429,0.21,0.5,0.5,0.5,0.5
2508,0.5,0.5,0.522,0.0914,0.3865,0.5,0.5,0.5,0.5
2509,0.5,0.5,0.0603,0.9193,0.0204,0.5,0.5,0.5,0.5
2510,0.5,0.5,0.281,0.5059,0.2131,0.5,0.5,0.5,0.5
2511,0.5,0.5,0.0184,0.945,0.0367,0.5,0.5,0.5,0.5
2512,0.5,0.5,0.09,0.8929,0.0171,0.5,0.5,0.5,0.5
2513,0.5,0.5,0.0447,0.9383,0.017,0.5,0.5,0.5,0.5
2514,0.5,0.5,0.3767,0.2037,0.4195,0.5,0.5,0.5,0.5
2515,0.5,0.5,0.2273,0.407,0.3657,0.5,0.5,0.5,0.5
2516,0.5,0.5,0.4116,0.2022,0.3862,0.5,0.5,0.5,0.5
2517,0.5,0.5,0.0739,0.8935,0.0326,0.5,0.5,0.5,0.5
2518,0.5,0.5,0.0374,0.4019,0.5608,0.5,0.5,0.5,0.5
2519,0.5,0.5,0.1651,0.2546,0.5803,0.5,0.5,0.5,0.5
2520,0.5,0.5,0.0344,0.9473,0.0182,0.5,0.5,0.5,0.5
2521,0.5,0.5,0.0265,0.9437,0.0297,0.5,0.5,0.5,0.5
2522,0.5,0.5,0.0251,0.9534,0.0215,0.5,0.5,0.5,0.5
2523,0.5,0.5,0.0345,0.9326,0.0328,0.5,0.5,0.5,0.5
2524,0.5,0.5,0.05,0.2755,0.6744,0.5,0.5,0.5,0.5
2525,0.5,0.5,0.0438,0.9393,0.017,0.5,0.5,0.5,0.5
2526,0.5,0.5,0.0318,0.9426,0.0255,0.5,0.5,0.5,0.5
2527,0.5,0.5,0.0292,0.1189,0.8519,0.5,0.5,0.5,0.5
2528,0.5,0.5,0.1281,0.2713,0.6006,0.5,0.5,0.5,0.5
2529,0.5,0.5,0.1789,0.2421,0.579,0.5,0.5,0.5,0.5
2530,0.5,0.5,0.1148,0.8678,0.0174,0.5,0.5,0.5,0.5
2531,0.5,0.5,0.0752,0.2921,0.6327,0.5,0.5,0.5,0.5
2532,0.5,0.5,0.0295,0.9565,0.0141,0.5,0.5,0.5,0.5
2533,0.5,0.5,0.0362,0.9474,0.0164,0.5,0.5,0.5,0.5
2534,0.5,0.5,0.2476,0.3099,0.4425,0.5,0.5,0.5,0.5
2535,0.5,0.5,0.0192,0.9509,0.0299,0.5,0.5,0.5,0.5
2536,0.5,0.5,0.0619,0.9262,0.0118,0.5,0.5,0.5,0.5
2537,0.5,0.5,0.0127,0.9381,0.0492,0.5,0.5,0.5,0.5
2538,0.5,0.5,0.4124,0.1155,0.4721,0.5,0.5,0.5,0.5
2539,0.5,0.5,0.0518,0.9245,0.0237,0.5,0.5,0.5,0.5
2540,0.5,0.5,0.0239,0.9471,0.029,0.5,0.5,0.5,0.5
2541,0.5,0.5,0.0488,0.9348,0.0164,0.5,0.5,0.5,0.5
2542,0.5,0.5,0.0197,0.9642,0.0161,0.5,0.5,0.5,0.5
2543,0.5,0.5,0.0099,0.9542,0.0359,0.5,0.5,0.5,0.5
2544,0.5,0.5,0.028,0.955,0.0169,0.5,0.5,0.5,0.5
2545,0.5,0.5,0.6701,0.0913,0.2386,0.5,0.5,0.5,0.5
2546,0.5,0.5,0.0494,0.9227,0.0279,0.5,0.5,0.5,0.5
2547,0.5,0.5,0.016,0.9555,0.0285,0.5,0.5,0.5,0.5
2548,0.5,0.5,0.0191,0.9546,0.0264,0.5,0.5,0.5,0.5
2549,0.5,0.5,0.233,0.4732,0.2939,0.5,0.5,0.5,0.5
2550,0.5,0.5,0.364,0.2427,0.3933,0.5,0.5,0.5,0.5
2551,0.5,0.5,0.0282,0.2548,0.717,0.5,0.5,0.5,0.5
2552,0.5,0.5,0.0272,0.091,0.8817,0.5,0.5,0.5,0.5
2553,0.5,0.5,0.0093,0.953,0.0377,0.5,0.5,0.5,0.5
2554,0.5,0.5,0.0183,0.9501,0.0316,0.5,0.5,0.5,0.5
2555,0.5,0.5,0.5278,0.0854,0.3868,0.5,0.5,0.5,0.5
2556,0.5,0.5,0.0049,0.9365,0.0586,0.5,0.5,0.5,0.5
2557,0.5,0.5,0.3519,0.2523,0.3957,0.5,0.5,0.5,0.5
2558,0.5,0.5,0.5596,0.2897,0.1507,0.5,0.5,0.5,0.5
2559,0.5,0.5,0.0572,0.2195,0.7232,0.5,0.5,0.5,0.5
2560,0.5,0.5,0.1243,0.1148,0.7609,0.5,0.5,0.5,0.5
2561,0.5,0.5,0.2029,0.4319,0.3652,0.5,0.5,0.5,0.5
2562,0.5,0.5,0.0581,0.2543,0.6876,0.5,0.5,0.5,0.5
2563,0.5,0.5,0.0174,0.9463,0.0363,0.5,0.5,0.5,0.5
2564,0.5,0.5,0.0237,0.9593,0.017,0.5,0.5,0.5,0.5
2565,0.5,0.5,0.5331,0.2702,0.1967,0.5,0.5,0.5,0.5
2566,0.5,0.5,0.2261,0.3315,0.4424,0.5,0.5,0.5,0.5
2567,0.5,0.5,0.0186,0.946,0.0353,0.5,0.5,0.5,0.5
2568,0.5,0.5,0.0289,0.9473,0.0237,0.5,0.5,0.5,0.5
2569,0.5,0.5,0.5468,0.0904,0.3628,0.5,0.5,0.5,0.5
2570,0.5,0.5,0.0248,0.9556,0.0196,0.5,0.5,0.5,0.5
2571,0.5,0.5,0.0135,0.959,0.0275,0.5,0.5,0.5,0.5
2572,0.5,0.5,0.0183,0.9509,0.0308,0.5,0.5,0.5,0.5
2573,0.5,0.5,0.0348,0.9494,0.0158,0.5,0.5,0.5,0.5
2574,0.5,0.5,0.0485,0.3084,0.6431,0.5,0.5,0.5,0.5
2575,0.5,0.5,0.0308,0.9581,0.0111,0.5,0.5,0.5,0.5
2576,0.5,0.5,0.0167,0.9602,0.0231,0.5,0.5,0.5,0.5
2577,0.5,0.5,0.1191,0.3474,0.5335,0.5,0.5,0.5,0.5
2578,0.5,0.5,0.0221,0.9511,0.0268,0.5,0.5,0.5,0.5
2579,0.5,0.5,0.2128,0.196,0.5912,0.5,0.5,0.5,0.5
2580,0.5,0.5,0.0344,0.9449,0.0207,0.5,0.5,0.5,0.5
2581,0.5,0.5,0.0179,0.9535,0.0286,0.5,0.5,0.5,0.5
2582,0.5,0.5,0.0274,0.943,0.0296,0.5,0.5,0.5,0.5
2583,0.5,0.5,0.0164,0.9683,0.0153,0.5,0.5,0.5,0.5
2584,0.5,0.5,0.2854,0.3066,0.408,0.5,0.5,0.5,0.5
2585,0.5,0.5,0.0139,0.9531,0.033,0.5,0.5,0.5,0.5
2586,0.5,0.5,0.0284,0.9592,0.0124,0.5,0.5,0.5,0.5
2587,0.5,0.5,0.0194,0.9516,0.029,0.5,0.5,0.5,0.5
2588,0.5,0.5,0.0373,0.9298,0.0329,0.5,0.5,0.5,0.5
2589,0.5,0.5,0.5159,0.2065,0.2777,0.5,0.5,0.5,0.5
2590,0.5,0.5,0.0438,0.4174,0.5388,0.5,0.5,0.5,0.5
2591,0.5,0.5,0.0215,0.9586,0.0199,0.5,0.5,0.5,0.5
2592,0.5,0.5,0.0151,0.232,0.7529,0.5,0.5,0.5,0.5
2593,0.5,0.5,0.2274,0.2467,0.5259,0.5,0.5,0.5,0.5
2594,0.5,0.5,0.3369,0.3731,0.2899,0.5,0.5,0.5,0.5
2595,0.5,0.5,0.0339,0.9328,0.0333,0.5,0.5,0.5,0.5
2596,0.5,0.5,0.0368,0.9331,0.0301,0.5,0.5,0.5,0.5
2597,0.5,0.5,0.5455,0.272,0.1825,0.5,0.5,0.5,0.5
2598,0.5,0.5,0.1249,0.1341,0.741,0.5,0.5,0.5,0.5
2599,0.5,0.5,0.0083,0.9524,0.0392,0.5,0.5,0.5,0.5
2600,0.5,0.5,0.0975,0.2588,0.6436,0.5,0.5,0.5,0.5
2601,0.5,0.5,0.0285,0.9453,0.0262,0.5,0.5,0.5,0.5
2602,0.5,0.5,0.096,0.8898,0.0142,0.5,0.5,0.5,0.5
2603,0.5,0.5,0.0103,0.2845,0.7052,0.5,0.5,0.5,0.5
2604,0.5,0.5,0.0944,0.309,0.5966,0.5,0.5,0.5,0.5
2605,0.5,0.5,0.146,0.4117,0.4423,0.5,0.5,0.5,0.5
2606,0.5,0.5,0.0182,0.9545,0.0273,0.5,0.5,0.5,0.5
2607,0.5,0.5,0.0675,0.2952,0.6373,0.5,0.5,0.5,0.5
2608,0.5,0.5,0.0144,0.9703,0.0153,0.5,0.5,0.5,0.5
2609,0.5,0.5,0.0242,0.9498,0.026,0.5,0.5,0.5,0.5
2610,0.5,0.5,0.034,0.4016,0.5644,0.5,0.5,0.5,0.5
2611,0.5,0.5,0.0166,0.9442,0.0392,0.5,0.5,0.5,0.5
2612,0.5,0.5,0.1398,0.8421,0.0181,0.5,0.5,0.5,0.5
2613,0.5,0.5,0.0177,0.9644,0.0179,0.5,0.5,0.5,0.5
2614,0.5,0.5,0.0208,0.826,0.1532,0.5,0.5,0.5,0.5
2615,0.5,0.5,0.0232,0.9524,0.0243,0.5,0.5,0.5,0.5
2616,0.5,0.5,0.0136,0.9695,0.0169,0.5,0.5,0.5,0.5
2617,0.5,0.5,0.0454,0.2304,0.7242,0.5,0.5,0.5,0.5
2618,0.5,0.5,0.0424,0.9375,0.0201,0.5,0.5,0.5,0.5
2619,0.5,0.5,0.2806,0.234,0.4854,0.5,0.5,0.5,0.5
2620,0.5,0.5,0.2411,0.2394,0.5195,0.5,0.5,0.5,0.5
2621,0.5,0.5,0.041,0.9396,0.0194,0.5,0.5,0.5,0.5
2622,0.5,0.5,0.0241,0.9514,0.0245,0.5,0.5,0.5,0.5
2623,0.5,0.5,0.0246,0.9487,0.0268,0.5,0.5,0.5,0.5
2624,0.5,0.5,0.0401,0.9291,0.0308,0.5,0.5,0.5,0.5
2625,0.5,0.5,0.3979,0.2588,0.3433,0.5,0.5,0.5,0.5
2626,0.5,0.5,0.0673,0.9108,0.022,0.5,0.5,0.5,0.5
2627,0.5,0.5,0.0333,0.9437,0.023,0.5,0.5,0.5,0.5
2628,0.5,0.5,0.0421,0.9214,0.0366,0.5,0.5,0.5,0.5
2629,0.5,0.5,0.393,0.216,0.391,0.5,0.5,0.5,0.5
2630,0.5,0.5,0.0385,0.946,0.0156,0.5,0.5,0.5,0.5
2631,0.5,0.5,0.0332,0.9517,0.0151,0.5,0.5,0.5,0.5
2632,0.5,0.5,0.1801,0.2655,0.5544,0.5,0.5,0.5,0.5
2633,0.5,0.5,0.0383,0.9434,0.0182,0.5,0.5,0.5,0.5
2634,0.5,0.5,0.028,0.9463,0.0257,0.5,0.5,0.5,0.5
2635,0.5,0.5,0.0141,0.9533,0.0326,0.5,0.5,0.5,0.5
2636,0.5,0.5,0.039,0.9353,0.0257,0.5,0.5,0.5,0.5
2637,0.5,0.5,0.0304,0.9507,0.0189,0.5,0.5,0.5,0.5
2638,0.5,0.5,0.0612,0.9103,0.0285,0.5,0.5,0.5,0.5
2639,0.5,0.5,0.0356,0.9462,0.0182,0.5,0.5,0.5,0.5
2640,0.5,0.5,0.1391,0.2406,0.6202,0.5,0.5,0.5,0.5
2641,0.5,0.5,0.6291,0.3025,0.0684,0.5,0.5,0.5,0.5
2642,0.5,0.5,0.3297,0.3259,0.3444,0.5,0.5,0.5,0.5
2643,0.5,0.5,0.0259,0.9569,0.0172,0.5,0.5,0.5,0.5
2644,0.5,0.5,0.0611,0.9181,0.0208,0.5,0.5,0.5,0.5
2645,0.5,0.5,0.031,0.9456,0.0234,0.5,0.5,0.5,0.5
2646,0.5,0.5,0.0271,0.9545,0.0184,0.5,0.5,0.5,0.5
2647,0.5,0.5,0.2477,0.1479,0.6044,0.5,0.5,0.5,0.5
2648,0.5,0.5,0.0803,0.497,0.4228,0.5,0.5,0.5,0.5
2649,0.5,0.5,0.0795,0.2882,0.6323,0.5,0.5,0.5,0.5
2650,0.5,0.5,0.1283,0.4777,0.394,0.5,0.5,0.5,0.5
2651,0.5,0.5,0.0216,0.9462,0.0321,0.5,0.5,0.5,0.5
2652,0.5,0.5,0.0296,0.9328,0.0377,0.5,0.5,0.5,0.5
2653,0.5,0.5,0.0399,0.941,0.0191,0.5,0.5,0.5,0.5
2654,0.5,0.5,0.0507,0.9344,0.0149,0.5,0.5,0.5,0.5
2655,0.5,0.5,0.0448,0.9389,0.0162,0.5,0.5,0.5,0.5
2656,0.5,0.5,0.0598,0.9068,0.0334,0.5,0.5,0.5,0.5
2657,0.5,0.5,0.0402,0.9431,0.0167,0.5,0.5,0.5,0.5
2658,0.5,0.5,0.0096,0.2768,0.7136,0.5,0.5,0.5,0.5
2659,0.5,0.5,0.0496,0.5167,0.4337,0.5,0.5,0.5,0.5
2660,0.5,0.5,0.1326,0.3241,0.5433,0.5,0.5,0.5,0.5
2661,0.5,0.5,0.2909,0.1299,0.5793,0.5,0.5,0.5,0.5
2662,0.5,0.5,0.027,0.9502,0.0229,0.5,0.5,0.5,0.5
2663,0.5,0.5,0.159,0.1097,0.7313,0.5,0.5,0.5,0.5
2664,0.5,0.5,0.0114,0.9532,0.0354,0.5,0.5,0.5,0.5
2665,0.5,0.5,0.3561,0.4925,0.1514,0.5,0.5,0.5,0.5
2666,0.5,0.5,0.0374,0.2813,0.6813,0.5,0.5,0.5,0.5
2667,0.5,0.5,0.1543,0.3938,0.4519,0.5,0.5,0.5,0.5
2668,0.5,0.5,0.0185,0.9496,0.0318,0.5,0.5,0.5,0.5
2669,0.5,0.5,0.2455,0.4431,0.3114,0.5,0.5,0.5,0.5
2670,0.5,0.5,0.073,0.9048,0.0222,0.5,0.5,0.5,0.5
2671,0.5,0.5,0.0287,0.9534,0.0179,0.5,0.5,0.5,0.5
2672,0.5,0.5,0.1097,0.1886,0.7017,0.5,0.5,0.5,0.5
2673,0.5,0.5,0.0247,0.9517,0.0235,0.5,0.5,0.5,0.5
2674,0.5,0.5,0.033,0.9462,0.0209,0.5,0.5,0.5,0.5
2675,0.5,0.5,0.0341,0.9354,0.0305,0.5,0.5,0.5,0.5
2676,0.5,0.5,0.0327,0.9516,0.0157,0.5,0.5,0.5,0.5
2677,0.5,0.5,0.0155,0.226,0.7585,0.5,0.5,0.5,0.5
2678,0.5,0.5,0.1359,0.2839,0.5802,0.5,0.5,0.5,0.5
2679,0.5,0.5,0.032,0.9368,0.0312,0.5,0.5,0.5,0.5
2680,0.5,0.5,0.2773,0.3249,0.3978,0.5,0.5,0.5,0.5
2681,0.5,0.5,0.1586,0.1964,0.645,0.5,0.5,0.5,0.5
2682,0.5,0.5,0.2784,0.3839,0.3377,0.5,0.5,0.5,0.5
2683,0.5,0.5,0.0141,0.3721,0.6138,0.5,0.5,0.5,0.5
2684,0.5,0.5,0.1008,0.2548,0.6443,0.5,0.5,0.5,0.5
2685,0.5,0.5,0.0398,0.9481,0.0121,0.5,0.5,0.5,0.5
2686,0.5,0.5,0.0294,0.1295,0.8411,0.5,0.5,0.5,0.5
2687,0.5,0.5,0.0972,0.275,0.6278,0.5,0.5,0.5,0.5
2688,0.5,0.5,0.1389,0.2976,0.5635,0.5,0.5,0.5,0.5
2689,0.5,0.5,0.0318,0.9425,0.0257,0.5,0.5,0.5,0.5
2690,0.5,0.5,0.6935,0.2026,0.1039,0.5,0.5,0.5,0.5
2691,0.5,0.5,0.0445,0.9294,0.0262,0.5,0.5,0.5,0.5
2692,0.5,0.5,0.0489,0.9107,0.0403,0.5,0.5,0.5,0.5
2693,0.5,0.5,0.0288,0.9349,0.0363,0.5,0.5,0.5,0.5
2694,0.5,0.5,0.0277,0.9487,0.0236,0.5,0.5,0.5,0.5
2695,0.5,0.5,0.0067,0.5987,0.3947,0.5,0.5,0.5,0.5
2696,0.5,0.5,0.031,0.9529,0.0161,0.5,0.5,0.5,0.5
2697,0.5,0.5,0.4201,0.3211,0.2589,0.5,0.5,0.5,0.5
2698,0.5,0.5,0.0874,0.2999,0.6127,0.5,0.5,0.5,0.5
2699,0.5,0.5,0.8319,0.13,0.0381,0.5,0.5,0.5,0.5
2700,0.5,0.5,0.175,0.3011,0.5239,0.5,0.5,0.5,0.5
2701,0.5,0.5,0.0163,0.9586,0.0251,0.5,0.5,0.5,0.5
2702,0.5,0.5,0.0249,0.9573,0.0178,0.5,0.5,0.5,0.5
2704,0.5,0.5,0.0135,0.9729,0.0136,0.5,0.5,0.5,0.5
2705,0.5,0.5,0.52,0.224,0.256,0.5,0.5,0.5,0.5
2706,0.5,0.5,0.0192,0.9417,0.0391,0.5,0.5,0.5,0.5
2707,0.5,0.5,0.0141,0.9692,0.0167,0.5,0.5,0.5,0.5
2708,0.5,0.5,0.276,0.3158,0.4082,0.5,0.5,0.5,0.5
2709,0.5,0.5,0.0299,0.9396,0.0305,0.5,0.5,0.5,0.5
2710,0.5,0.5,0.0568,0.9147,0.0285,0.5,0.5,0.5,0.5
2711,0.5,0.5,0.0319,0.9443,0.0238,0.5,0.5,0.5,0.5
2712,0.5,0.5,0.0342,0.3948,0.571,0.5,0.5,0.5,0.5
2713,0.5,0.5,0.0241,0.9442,0.0316,0.5,0.5,0.5,0.5
2714,0.5,0.5,0.1897,0.4366,0.3737,0.5,0.5,0.5,0.5
2715,0.5,0.5,0.0185,0.9461,0.0353,0.5,0.5,0.5,0.5
2716,0.5,0.5,0.0392,0.9443,0.0165,0.5,0.5,0.5,0.5
2717,0.5,0.5,0.1347,0.1586,0.7068,0.5,0.5,0.5,0.5
2718,0.5,0.5,0.0173,0.2131,0.7696,0.5,0.5,0.5,0.5
2719,0.5,0.5,0.0338,0.9399,0.0262,0.5,0.5,0.5,0.5
2720,0.5,0.5,0.0362,0.9408,0.023,0.5,0.5,0.5,0.5
2721,0.5,0.5,0.0319,0.9574,0.0107,0.5,0.5,0.5,0.5
2722,0.5,0.5,0.0231,0.9516,0.0253,0.5,0.5,0.5,0.5
2723,0.5,0.5,0.0882,0.2609,0.6509,0.5,0.5,0.5,0.5
2724,0.5,0.5,0.539,0.1969,0.2641,0.5,0.5,0.5,0.5
2725,0.5,0.5,0.202,0.1875,0.6105,0.5,0.5,0.5,0.5
2726,0.5,0.5,0.0631,0.9285,0.0084,0.5,0.5,0.5,0.5
2727,0.5,0.5,0.0311,0.9472,0.0217,0.5,0.5,0.5,0.5
2729,0.5,0.5,0.0416,0.9417,0.0167,0.5,0.5,0.5,0.5
2730,0.5,0.5,0.4223,0.174,0.4037,0.5,0.5,0.5,0.5
2731,0.5,0.5,0.0215,0.9546,0.0239,0.5,0.5,0.5,0.5
2732,0.5,0.5,0.4051,0.394,0.2009,0.5,0.5,0.5,0.5
2733,0.5,0.5,0.5771,0.2472,0.1758,0.5,0.5,0.5,0.5
2734,0.5,0.5,0.1427,0.8422,0.015,0.5,0.5,0.5,0.5
2735,0.5,0.5,0.039,0.9464,0.0145,0.5,0.5,0.5,0.5
2736,0.5,0.5,0.0335,0.9422,0.0243,0.5,0.5,0.5,0.5
2737,0.5,0.5,0.0268,0.9495,0.0237,0.5,0.5,0.5,0.5
2738,0.5,0.5,0.0254,0.9496,0.025,0.5,0.5,0.5,0.5
2739,0.5,0.5,0.1565,0.8266,0.0169,0.5,0.5,0.5,0.5
2740,0.5,0.5,0.0117,0.9526,0.0357,0.5,0.5,0.5,0.5
2741,0.5,0.5,0.0427,0.9272,0.0301,0.5,0.5,0.5,0.5
2742,0.5,0.5,0.0218,0.9455,0.0327,0.5,0.5,0.5,0.5
2743,0.5,0.5,0.0134,0.9741,0.0125,0.5,0.5,0.5,0.5
2744,0.5,0.5,0.0615,0.1347,0.8038,0.5,0.5,0.5,0.5
2745,0.5,0.5,0.021,0.9471,0.0319,0.5,0.5,0.5,0.5
2746,0.5,0.5,0.1086,0.2801,0.6114,0.5,0.5,0.5,0.5
2747,0.5,0.5,0.0292,0.9414,0.0294,0.5,0.5,0.5,0.5
2748,0.5,0.5,0.1853,0.2365,0.5783,0.5,0.5,0.5,0.5
2749,0.5,0.5,0.0276,0.2181,0.7543,0.5,0.5,0.5,0.5
2750,0.5,0.5,0.1343,0.1532,0.7126,0.5,0.5,0.5,0.5
2751,0.5,0.5,0.0222,0.9635,0.0143,0.5,0.5,0.5,0.5
2752,0.5,0.5,0.0338,0.9515,0.0148,0.5,0.5,0.5,0.5
2753,0.5,0.5,0.021,0.9504,0.0285,0.5,0.5,0.5,0.5
2754,0.5,0.5,0.0574,0.9197,0.0228,0.5,0.5,0.5,0.5
2755,0.5,0.5,0.0405,0.579,0.3805,0.5,0.5,0.5,0.5
2756,0.5,0.5,0.0157,0.9492,0.0351,0.5,0.5,0.5,0.5
2757,0.5,0.5,0.0603,0.9174,0.0223,0.5,0.5,0.5,0.5
2758,0.5,0.5,0.0512,0.925,0.0238,0.5,0.5,0.5,0.5
2759,0.5,0.5,0.0307,0.9485,0.0209,0.5,0.5,0.5,0.5
2760,0.5,0.5,0.3356,0.2621,0.4022,0.5,0.5,0.5,0.5
2762,0.5,0.5,0.4155,0.2626,0.3218,0.5,0.5,0.5,0.5
2763,0.5,0.5,0.032,0.9532,0.0148,0.5,0.5,0.5,0.5
2764,0.5,0.5,0.2273,0.1454,0.6273,0.5,0.5,0.5,0.5
2765,0.5,0.5,0.0828,0.3272,0.59,0.5,0.5,0.5,0.5
2766,0.5,0.5,0.1601,0.2797,0.5602,0.5,0.5,0.5,0.5
2767,0.5,0.5,0.0256,0.9509,0.0234,0.5,0.5,0.5,0.5
2768,0.5,0.5,0.2606,0.3404,0.399,0.5,0.5,0.5,0.5
2769,0.5,0.5,0.019,0.9573,0.0237,0.5,0.5,0.5,0.5
2770,0.5,0.5,0.015,0.348,0.637,0.5,0.5,0.5,0.5
2771,0.5,0.5,0.0503,0.9345,0.0152,0.5,0.5,0.5,0.5
2772,0.5,0.5,0.2897,0.2177,0.4926,0.5,0.5,0.5,0.5
2773,0.5,0.5,0.3262,0.1112,0.5626,0.5,0.5,0.5,0.5
2774,0.5,0.5,0.0414,0.9425,0.0161,0.5,0.5,0.5,0.5
2775,0.5,0.5,0.0265,0.9457,0.0278,0.5,0.5,0.5,0.5
2776,0.5,0.5,0.0195,0.9494,0.0311,0.5,0.5,0.5,0.5
2777,0.5,0.5,0.042,0.298,0.66,0.5,0.5,0.5,0.5
2778,0.5,0.5,0.0118,0.9517,0.0365,0.5,0.5,0.5,0.5
2779,0.5,0.5,0.0329,0.9432,0.0238,0.5,0.5,0.5,0.5
2780,0.5,0.5,0.1949,0.1814,0.6237,0.5,0.5,0.5,0.5
2781,0.5,0.5,0.031,0.9373,0.0316,0.5,0.5,0.5,0.5
2782,0.5,0.5,0.0985,0.5542,0.3473,0.5,0.5,0.5,0.5
2783,0.5,0.5,0.0327,0.9418,0.0256,0.5,0.5,0.5,0.5
2784,0.5,0.5,0.0435,0.9369,0.0196,0.5,0.5,0.5,0.5
2785,0.5,0.5,0.0399,0.9294,0.0307,0.5,0.5,0.5,0.5
2786,0.5,0.5,0.2052,0.143,0.6518,0.5,0.5,0.5,0.5
2787,0.5,0.5,0.0216,0.9538,0.0246,0.5,0.5,0.5,0.5
2788,0.5,0.5,0.0276,0.9421,0.0303,0.5,0.5,0.5,0.5
2789,0.5,0.5,0.0319,0.951,0.0171,0.5,0.5,0.5,0.5
2790,0.5,0.5,0.0334,0.9453,0.0213,0.5,0.5,0.5,0.5
2791,0.5,0.5,0.0392,0.949,0.0118,0.5,0.5,0.5,0.5
2792,0.5,0.5,0.0507,0.9192,0.0301,0.5,0.5,0.5,0.5
2793,0.5,0.5,0.0333,0.9341,0.0326,0.5,0.5,0.5,0.5
2794,0.5,0.5,0.0539,0.9333,0.0128,0.5,0.5,0.5,0.5
2795,0.5,0.5,0.6805,0.1801,0.1395,0.5,0.5,0.5,0.5
2796,0.5,0.5,0.0401,0.9358,0.0241,0.5,0.5,0.5,0.5
2797,0.5,0.5,0.0274,0.9599,0.0126,0.5,0.5,0.5,0.5
2798,0.5,0.5,0.1336,0.2165,0.65,0.5,0.5,0.5,0.5
2799,0.5,0.5,0.0048,0.126,0.8692,0.5,0.5,0.5,0.5
2800,0.5,0.5,0.048,0.926,0.0259,0.5,0.5,0.5,0.5
2801,0.5,0.5,0.0275,0.9458,0.0267,0.5,0.5,0.5,0.5
2802,0.5,0.5,0.0182,0.9511,0.0306,0.5,0.5,0.5,0.5
2803,0.5,0.5,0.1213,0.1441,0.7347,0.5,0.5,0.5,0.5
2805,0.5,0.5,0.0358,0.9425,0.0217,0.5,0.5,0.5,0.5
2806,0.5,0.5,0.0378,0.9239,0.0382,0.5,0.5,0.5,0.5
2807,0.5,0.5,0.0233,0.9532,0.0234,0.5,0.5,0.5,0.5
2808,0.5,0.5,0.0252,0.9467,0.0281,0.5,0.5,0.5,0.5
2809,0.5,0.5,0.029,0.9473,0.0237,0.5,0.5,0.5,0.5
2810,0.5,0.5,0.0279,0.9561,0.016,0.5,0.5,0.5,0.5
2811,0.5,0.5,0.296,0.2847,0.4193,0.5,0.5,0.5,0.5
2812,0.5,0.5,0.0364,0.0994,0.8642,0.5,0.5,0.5,0.5
2813,0.5,0.5,0.0583,0.1592,0.7825,0.5,0.5,0.5,0.5
2814,0.5,0.5,0.0239,0.9616,0.0145,0.5,0.5,0.5,0.5
2815,0.5,0.5,0.0124,0.9743,0.0133,0.5,0.5,0.5,0.5
2816,0.5,0.5,0.0256,0.9481,0.0263,0.5,0.5,0.5,0.5
2817,0.5,0.5,0.0438,0.9391,0.0171,0.5,0.5,0.5,0.5
2818,0.5,0.5,0.0184,0.9611,0.0205,0.5,0.5,0.5,0.5
2819,0.5,0.5,0.033,0.9417,0.0253,0.5,0.5,0.5,0.5
2820,0.5,0.5,0.0554,0.9243,0.0203,0.5,0.5,0.5,0.5
2821,0.5,0.5,0.0286,0.9518,0.0196,0.5,0.5,0.5,0.5
2822,0.5,0.5,0.015,0.9585,0.0265,0.5,0.5,0.5,0.5
2823,0.5,0.5,0.0285,0.2221,0.7495,0.5,0.5,0.5,0.5
2824,0.5,0.5,0.1016,0.8762,0.0222,0.5,0.5,0.5,0.5
2825,0.5,0.5,0.7494,0.0832,0.1674,0.5,0.5,0.5,0.5
2826,0.5,0.5,0.5268,0.1332,0.34,0.5,0.5,0.5,0.5
2827,0.5,0.5,0.0254,0.9382,0.0364,0.5,0.5,0.5,0.5
2828,0.5,0.5,0.0201,0.9469,0.033,0.5,0.5,0.5,0.5
2829,0.5,0.5,0.1026,0.2984,0.599,0.5,0.5,0.5,0.5
2830,0.5,0.5,0.2452,0.3766,0.3782,0.5,0.5,0.5,0.5
2831,0.5,0.5,0.03,0.9519,0.0182,0.5,0.5,0.5,0.5
2832,0.5,0.5,0.1004,0.4083,0.4913,0.5,0.5,0.5,0.5
2833,0.5,0.5,0.3552,0.2879,0.3569,0.5,0.5,0.5,0.5
2834,0.5,0.5,0.0217,0.9483,0.03,0.5,0.5,0.5,0.5
2835,0.5,0.5,0.5304,0.29,0.1797,0.5,0.5,0.5,0.5
2836,0.5,0.5,0.0625,0.9189,0.0186,0.5,0.5,0.5,0.5
2837,0.5,0.5,0.0449,0.5512,0.4039,0.5,0.5,0.5,0.5
2838,0.5,0.5,0.0162,0.2313,0.7525,0.5,0.5,0.5,0.5
2839,0.5,0.5,0.0242,0.2574,0.7184,0.5,0.5,0.5,0.5
2840,0.5,0.5,0.0805,0.2213,0.6982,0.5,0.5,0.5,0.5
2841,0.5,0.5,0.0163,0.9491,0.0346,0.5,0.5,0.5,0.5
2842,0.5,0.5,0.0114,0.9555,0.033,0.5,0.5,0.5,0.5
2843,0.5,0.5,0.0279,0.9552,0.0169,0.5,0.5,0.5,0.5
2844,0.5,0.5,0.0282,0.9512,0.0206,0.5,0.5,0.5,0.5
2845,0.5,0.5,0.0179,0.9483,0.0339,0.5,0.5,0.5,0.5
2846,0.5,0.5,0.0097,0.9542,0.0361,0.5,0.5,0.5,0.5
2847,0.5,0.5,0.0453,0.9243,0.0304,0.5,0.5,0.5,0.5
2848,0.5,0.5,0.0311,0.9552,0.0137,0.5,0.5,0.5,0.5
2849,0.5,0.5,0.0314,0.9513,0.0173,0.5,0.5,0.5,0.5
2850,0.5,0.5,0.0139,0.9657,0.0204,0.5,0.5,0.5,0.5
2851,0.5,0.5,0.0185,0.9548,0.0267,0.5,0.5,0.5,0.5
2852,0.5,0.5,0.0167,0.1874,0.7958,0.5,0.5,0.5,0.5
2853,0.5,0.5,0.0266,0.9553,0.0181,0.5,0.5,0.5,0.5
2854,0.5,0.5,0.0257,0.2159,0.7584,0.5,0.5,0.5,0.5
2855,0.5,0.5,0.0722,0.9055,0.0222,0.5,0.5,0.5,0.5
2856,0.5,0.5,0.0449,0.4872,0.4679,0.5,0.5,0.5,0.5
2857,0.5,0.5,0.0517,0.9315,0.0168,0.5,0.5,0.5,0.5
2858,0.5,0.5,0.2665,0.3854,0.3481,0.5,0.5,0.5,0.5
2859,0.5,0.5,0.0236,0.9413,0.035,0.5,0.5,0.5,0.5
2860,0.5,0.5,0.1727,0.3865,0.4408,0.5,0.5,0.5,0.5
2861,0.5,0.5,0.0391,0.9479,0.013,0.5,0.5,0.5,0.5
2862,0.5,0.5,0.617,0.3025,0.0805,0.5,0.5,0.5,0.5
2863,0.5,0.5,0.0561,0.239,0.7049,0.5,0.5,0.5,0.5
2864,0.5,0.5,0.0281,0.9503,0.0216,0.5,0.5,0.5,0.5
2865,0.5,0.5,0.5262,0.3302,0.1436,0.5,0.5,0.5,0.5
2866,0.5,0.5,0.0393,0.9467,0.014,0.5,0.5,0.5,0.5
2867,0.5,0.5,0.0813,0.9098,0.0089,0.5,0.5,0.5,0.5
2868,0.5,0.5,0.0286,0.9458,0.0257,0.5,0.5,0.5,0.5
2869,0.5,0.5,0.0505,0.9263,0.0232,0.5,0.5,0.5,0.5
2870,0.5,0.5,0.0865,0.2516,0.6618,0.5,0.5,0.5,0.5
2871,0.5,0.5,0.0247,0.9494,0.0259,0.5,0.5,0.5,0.5
2872,0.5,0.5,0.0347,0.9504,0.0149,0.5,0.5,0.5,0.5
2873,0.5,0.5,0.0235,0.9454,0.0311,0.5,0.5,0.5,0.5
2874,0.5,0.5,0.02,0.9541,0.0259,0.5,0.5,0.5,0.5
2875,0.5,0.5,0.3801,0.4471,0.1729,0.5,0.5,0.5,0.5
2876,0.5,0.5,0.0205,0.9433,0.0363,0.5,0.5,0.5,0.5
2878,0.5,0.5,0.1017,0.0867,0.8116,0.5,0.5,0.5,0.5
2879,0.5,0.5,0.558,0.3,0.1421,0.5,0.5,0.5,0.5
2880,0.5,0.5,0.0264,0.9506,0.0231,0.5,0.5,0.5,0.5
2881,0.5,0.5,0.0275,0.9565,0.016,0.5,0.5,0.5,0.5
2882,0.5,0.5,0.2442,0.1906,0.5652,0.5,0.5,0.5,0.5
2883,0.5,0.5,0.2983,0.1152,0.5866,0.5,0.5,0.5,0.5
2884,0.5,0.5,0.0135,0.9548,0.0317,0.5,0.5,0.5,0.5
2885,0.5,0.5,0.0364,0.1704,0.7932,0.5,0.5,0.5,0.5
2886,0.5,0.5,0.0198,0.9544,0.0259,0.5,0.5,0.5,0.5
2887,0.5,0.5,0.0078,0.1233,0.869,0.5,0.5,0.5,0.5
2888,0.5,0.5,0.0218,0.9465,0.0317,0.5,0.5,0.5,0.5
2889,0.5,0.5,0.053,0.9113,0.0357,0.5,0.5,0.5,0.5
2890,0.5,0.5,0.3832,0.2785,0.3383,0.5,0.5,0.5,0.5
2891,0.5,0.5,0.0229,0.9565,0.0206,0.5,0.5,0.5,0.5
2892,0.5,0.5,0.0718,0.8918,0.0363,0.5,0.5,0.5,0.5
2893,0.5,0.5,0.0284,0.9508,0.0209,0.5,0.5,0.5,0.5
2894,0.5,0.5,0.0445,0.3115,0.6439,0.5,0.5,0.5,0.5
2895,0.5,0.5,0.1827,0.3191,0.4982,0.5,0.5,0.5,0.5
2896,0.5,0.5,0.3946,0.3546,0.2508,0.5,0.5,0.5,0.5
2897,0.5,0.5,0.1239,0.1339,0.7422,0.5,0.5,0.5,0.5
2898,0.5,0.5,0.0591,0.1421,0.7988,0.5,0.5,0.5,0.5
2899,0.5,0.5,0.0786,0.2178,0.7036,0.5,0.5,0.5,0.5
2900,0.5,0.5,0.1238,0.2372,0.639,0.5,0.5,0.5,0.5
2901,0.5,0.5,0.0208,0.956,0.0231,0.5,0.5,0.5,0.5
2902,0.5,0.5,0.2112,0.4059,0.3829,0.5,0.5,0.5,0.5
2903,0.5,0.5,0.5429,0.2247,0.2323,0.5,0.5,0.5,0.5
2904,0.5,0.5,0.022,0.9508,0.0272,0.5,0.5,0.5,0.5
2905,0.5,0.5,0.0275,0.9542,0.0183,0.5,0.5,0.5,0.5
2906,0.5,0.5,0.0254,0.4285,0.546,0.5,0.5,0.5,0.5
2907,0.5,0.5,0.0712,0.2213,0.7075,0.5,0.5,0.5,0.5
2908,0.5,0.5,0.0173,0.968,0.0148,0.5,0.5,0.5,0.5
2909,0.5,0.5,0.0174,0.9489,0.0336,0.5,0.5,0.5,0.5
2910,0.5,0.5,0.1651,0.3293,0.5056,0.5,0.5,0.5,0.5
2911,0.5,0.5,0.0975,0.3669,0.5355,0.5,0.5,0.5,0.5
2912,0.5,0.5,0.013,0.9579,0.0292,0.5,0.5,0.5,0.5
2913,0.5,0.5,0.0466,0.9247,0.0288,0.5,0.5,0.5,0.5
2914,0.5,0.5,0.3791,0.2342,0.3867,0.5,0.5,0.5,0.5
2915,0.5,0.5,0.6768,0.2127,0.1105,0.5,0.5,0.5,0.5
2916,0.5,0.5,0.0479,0.13,0.8221,0.5,0.5,0.5,0.5
2917,0.5,0.5,0.0263,0.9514,0.0223,0.5,0.5,0.5,0.5
2918,0.5,0.5,0.0528,0.9352,0.012,0.5,0.5,0.5,0.5
2919,0.5,0.5,0.6675,0.1908,0.1417,0.5,0.5,0.5,0.5
2920,0.5,0.5,0.0928,0.2527,0.6545,0.5,0.5,0.5,0.5
2921,0.5,0.5,0.0919,0.3087,0.5994,0.5,0.5,0.5,0.5
2922,0.5,0.5,0.4354,0.3435,0.2211,0.5,0.5,0.5,0.5
2923,0.5,0.5,0.1985,0.2751,0.5264,0.5,0.5,0.5,0.5
2924,0.5,0.5,0.0177,0.9422,0.0401,0.5,0.5,0.5,0.5
2925,0.5,0.5,0.0218,0.9484,0.0297,0.5,0.5,0.5,0.5
2926,0.5,0.5,0.1346,0.1722,0.6933,0.5,0.5,0.5,0.5
2927,0.5,0.5,0.0301,0.9399,0.03,0.5,0.5,0.5,0.5
2928,0.5,0.5,0.0256,0.942,0.0323,0.5,0.5,0.5,0.5
2929,0.5,0.5,0.0318,0.9458,0.0224,0.5,0.5,0.5,0.5
2930,0.5,0.5,0.0294,0.9425,0.028,0.5,0.5,0.5,0.5
2931,0.5,0.5,0.0124,0.1993,0.7883,0.5,0.5,0.5,0.5
2932,0.5,0.5,0.0366,0.9348,0.0286,0.5,0.5,0.5,0.5
2933,0.5,0.5,0.0313,0.9521,0.0167,0.5,0.5,0.5,0.5
2934,0.5,0.5,0.0619,0.1529,0.7852,0.5,0.5,0.5,0.5
2935,0.5,0.5,0.0373,0.9419,0.0208,0.5,0.5,0.5,0.5
2936,0.5,0.5,0.0558,0.9284,0.0158,0.5,0.5,0.5,0.5
2937,0.5,0.5,0.0469,0.9292,0.0239,0.5,0.5,0.5,0.5
2938,0.5,0.5,0.0223,0.9496,0.028,0.5,0.5,0.5,0.5
2939,0.5,0.5,0.0234,0.9565,0.0201,0.5,0.5,0.5,0.5
2940,0.5,0.5,0.0264,0.111,0.8626,0.5,0.5,0.5,0.5
2941,0.5,0.5,0.0152,0.9514,0.0334,0.5,0.5,0.5,0.5
2942,0.5,0.5,0.0288,0.9443,0.0269,0.5,0.5,0.5,0.5
2943,0.5,0.5,0.6064,0.154,0.2396,0.5,0.5,0.5,0.5
2944,0.5,0.5,0.0403,0.6223,0.3374,0.5,0.5,0.5,0.5
2945,0.5,0.5,0.0194,0.954,0.0265,0.5,0.5,0.5,0.5
2946,0.5,0.5,0.0217,0.9597,0.0186,0.5,0.5,0.5,0.5
2947,0.5,0.5,0.0537,0.14,0.8062,0.5,0.5,0.5,0.5
2948,0.5,0.5,0.0529,0.9299,0.0172,0.5,0.5,0.5,0.5
2949,0.5,0.5,0.2668,0.2893,0.4439,0.5,0.5,0.5,0.5
2950,0.5,0.5,0.2901,0.2233,0.4866,0.5,0.5,0.5,0.5
2952,0.5,0.5,0.0242,0.9559,0.0199,0.5,0.5,0.5,0.5
2953,0.5,0.5,0.0638,0.2881,0.648,0.5,0.5,0.5,0.5
2954,0.5,0.5,0.3894,0.1834,0.4272,0.5,0.5,0.5,0.5
2955,0.5,0.5,0.0213,0.9545,0.0242,0.5,0.5,0.5,0.5
2956,0.5,0.5,0.0378,0.9339,0.0283,0.5,0.5,0.5,0.5
2957,0.5,0.5,0.1769,0.1268,0.6963,0.5,0.5,0.5,0.5
2958,0.5,0.5,0.6327,0.1124,0.2548,0.5,0.5,0.5,0.5
2959,0.5,0.5,0.0375,0.944,0.0185,0.5,0.5,0.5,0.5
2960,0.5,0.5,0.058,0.9238,0.0182,0.5,0.5,0.5,0.5
2961,0.5,0.5,0.0254,0.9424,0.0322,0.5,0.5,0.5,0.5
2962,0.5,0.5,0.031,0.9573,0.0117,0.5,0.5,0.5,0.5
2963,0.5,0.5,0.5174,0.2664,0.2162,0.5,0.5,0.5,0.5
2964,0.5,0.5,0.028,0.9475,0.0245,0.5,0.5,0.5,0.5
2966,0.5,0.5,0.1501,0.3729,0.4771,0.5,0.5,0.5,0.5
2967,0.5,0.5,0.3917,0.2133,0.395,0.5,0.5,0.5,0.5
2968,0.5,0.5,0.1306,0.2887,0.5807,0.5,0.5,0.5,0.5
2969,0.5,0.5,0.2424,0.5055,0.2521,0.5,0.5,0.5,0.5
2970,0.5,0.5,0.2978,0.2612,0.441,0.5,0.5,0.5,0.5
2971,0.5,0.5,0.0427,0.9317,0.0256,0.5,0.5,0.5,0.5
2972,0.5,0.5,0.029,0.9422,0.0288,0.5,0.5,0.5,0.5
2973,0.5,0.5,0.0163,0.9626,0.0211,0.5,0.5,0.5,0.5
2974,0.5,0.5,0.0299,0.9537,0.0164,0.5,0.5,0.5,0.5
2975,0.5,0.5,0.0706,0.9068,0.0226,0.5,0.5,0.5,0.5
2976,0.5,0.5,0.0366,0.1075,0.8559,0.5,0.5,0.5,0.5
2977,0.5,0.5,0.0359,0.9463,0.0178,0.5,0.5,0.5,0.5
2978,0.5,0.5,0.0392,0.9244,0.0364,0.5,0.5,0.5,0.5
2979,0.5,0.5,0.2648,0.1914,0.5438,0.5,0.5,0.5,0.5
2980,0.5,0.5,0.0323,0.9509,0.0168,0.5,0.5,0.5,0.5
2981,0.5,0.5,0.028,0.1649,0.8071,0.5,0.5,0.5,0.5
2982,0.5,0.5,0.0162,0.9628,0.021,0.5,0.5,0.5,0.5
2983,0.5,0.5,0.0157,0.9611,0.0232,0.5,0.5,0.5,0.5
2984,0.5,0.5,0.0786,0.1417,0.7797,0.5,0.5,0.5,0.5
2985,0.5,0.5,0.2132,0.2675,0.5193,0.5,0.5,0.5,0.5
2986,0.5,0.5,0.576,0.2182,0.2058,0.5,0.5,0.5,0.5
2987,0.5,0.5,0.0206,0.943,0.0364,0.5,0.5,0.5,0.5
2988,0.5,0.5,0.0641,0.1558,0.7802,0.5,0.5,0.5,0.5
2989,0.5,0.5,0.0154,0.9722,0.0124,0.5,0.5,0.5,0.5
2990,0.5,0.5,0.1556,0.1041,0.7402,0.5,0.5,0.5,0.5
2991,0.5,0.5,0.0526,0.9244,0.0229,0.5,0.5,0.5,0.5
2992,0.5,0.5,0.1331,0.8498,0.0171,0.5,0.5,0.5,0.5
2993,0.5,0.5,0.0266,0.9498,0.0236,0.5,0.5,0.5,0.5
2994,0.5,0.5,0.4138,0.2827,0.3035,0.5,0.5,0.5,0.5
2995,0.5,0.5,0.0318,0.9382,0.0299,0.5,0.5,0.5,0.5
2996,0.5,0.5,0.0328,0.9385,0.0288,0.5,0.5,0.5,0.5
2997,0.5,0.5,0.0164,0.9487,0.035,0.5,0.5,0.5,0.5
2998,0.5,0.5,0.0913,0.8863,0.0223,0.5,0.5,0.5,0.5
2999,0.5,0.5,0.0202,0.9498,0.03,0.5,0.5,0.5,0.5
3000,0.5,0.5,0.0188,0.9588,0.0224,0.5,0.5,0.5,0.5
3001,0.5,0.5,0.0209,0.9513,0.0278,0.5,0.5,0.5,0.5
3002,0.5,0.5,0.0698,0.3168,0.6134,0.5,0.5,0.5,0.5
3003,0.5,0.5,0.0187,0.9537,0.0275,0.5,0.5,0.5,0.5
3004,0.5,0.5,0.0313,0.9459,0.0228,0.5,0.5,0.5,0.5
3005,0.5,0.5,0.0451,0.9235,0.0314,0.5,0.5,0.5,0.5
3006,0.5,0.5,0.06,0.9253,0.0147,0.5,0.5,0.5,0.5
3007,0.5,0.5,0.1075,0.2305,0.662,0.5,0.5,0.5,0.5
3008,0.5,0.5,0.2023,0.4811,0.3166,0.5,0.5,0.5,0.5
3009,0.5,0.5,0.0709,0.1275,0.8016,0.5,0.5,0.5,0.5
3010,0.5,0.5,0.0197,0.9443,0.0359,0.5,0.5,0.5,0.5
3011,0.5,0.5,0.0395,0.9335,0.027,0.5,0.5,0.5,0.5
3012,0.5,0.5,0.0406,0.9389,0.0206,0.5,0.5,0.5,0.5
3013,0.5,0.5,0.0518,0.9209,0.0273,0.5,0.5,0.5,0.5
3014,0.5,0.5,0.0885,0.3575,0.554,0.5,0.5,0.5,0.5
3015,0.5,0.5,0.0403,0.934,0.0257,0.5,0.5,0.5,0.5
3016,0.5,0.5,0.0332,0.952,0.0147,0.5,0.5,0.5,0.5
3017,0.5,0.5,0.1853,0.1719,0.6428,0.5,0.5,0.5,0.5
3018,0.5,0.5,0.0898,0.8938,0.0164,0.5,0.5,0.5,0.5
3019,0.5,0.5,0.0337,0.9515,0.0148,0.5,0.5,0.5,0.5
3020,0.5,0.5,0.0297,0.9313,0.039,0.5,0.5,0.5,0.5
3021,0.5,0.5,0.031,0.9485,0.0205,0.5,0.5,0.5,0.5
3022,0.5,0.5,0.0313,0.9518,0.0169,0.5,0.5,0.5,0.5
3023,0.5,0.5,0.0365,0.9451,0.0184,0.5,0.5,0.5,0.5
3024,0.5,0.5,0.0649,0.2606,0.6745,0.5,0.5,0.5,0.5
3025,0.5,0.5,0.562,0.214,0.2239,0.5,0.5,0.5,0.5
3026,0.5,0.5,0.425,0.359,0.216,0.5,0.5,0.5,0.5
3027,0.5,0.5,0.0303,0.9525,0.0171,0.5,0.5,0.5,0.5
3028,0.5,0.5,0.045,0.5212,0.4338,0.5,0.5,0.5,0.5
3029,0.5,0.5,0.0996,0.1434,0.7569,0.5,0.5,0.5,0.5
3030,0.5,0.5,0.0114,0.9401,0.0485,0.5,0.5,0.5,0.5
3031,0.5,0.5,0.0217,0.9572,0.0211,0.5,0.5,0.5,0.5
3032,0.5,0.5,0.0177,0.9545,0.0278,0.5,0.5,0.5,0.5
3033,0.5,0.5,0.0463,0.9405,0.0132,0.5,0.5,0.5,0.5
3034,0.5,0.5,0.0176,0.947,0.0355,0.5,0.5,0.5,0.5
3035,0.5,0.5,0.0803,0.6932,0.2265,0.5,0.5,0.5,0.5
3036,0.5,0.5,0.0182,0.9636,0.0182,0.5,0.5,0.5,0.5
3037,0.5,0.5,0.254,0.2122,0.5338,0.5,0.5,0.5,0.5
3038,0.5,0.5,0.0286,0.947,0.0244,0.5,0.5,0.5,0.5
3039,0.5,0.5,0.0223,0.9504,0.0274,0.5,0.5,0.5,0.5
3040,0.5,0.5,0.0157,0.7693,0.215,0.5,0.5,0.5,0.5
3041,0.5,0.5,0.2904,0.2284,0.4812,0.5,0.5,0.5,0.5
3042,0.5,0.5,0.1853,0.1387,0.676,0.5,0.5,0.5,0.5
3043,0.5,0.5,0.0223,0.9461,0.0316,0.5,0.5,0.5,0.5
3044,0.5,0.5,0.0186,0.9565,0.0249,0.5,0.5,0.5,0.5
3045,0.5,0.5,0.0299,0.3426,0.6275,0.5,0.5,0.5,0.5
3046,0.5,0.5,0.0069,0.9524,0.0407,0.5,0.5,0.5,0.5
3047,0.5,0.5,0.027,0.9553,0.0177,0.5,0.5,0.5,0.5
3048,0.5,0.5,0.038,0.9477,0.0143,0.5,0.5,0.5,0.5
3049,0.5,0.5,0.0481,0.5099,0.442,0.5,0.5,0.5,0.5
3050,0.5,0.5,0.0977,0.4323,0.47,0.5,0.5,0.5,0.5
3051,0.5,0.5,0.0265,0.9381,0.0354,0.5,0.5,0.5,0.5
3052,0.5,0.5,0.0285,0.2622,0.7092,0.5,0.5,0.5,0.5
3053,0.5,0.5,0.0233,0.9488,0.0279,0.5,0.5,0.5,0.5
3054,0.5,0.5,0.414,0.2675,0.3185,0.5,0.5,0.5,0.5
3055,0.5,0.5,0.0209,0.9602,0.0189,0.5,0.5,0.5,0.5
3056,0.5,0.5,0.1724,0.2466,0.581,0.5,0.5,0.5,0.5
3057,0.5,0.5,0.0177,0.9537,0.0286,0.5,0.5,0.5,0.5
3058,0.5,0.5,0.0223,0.9484,0.0293,0.5,0.5,0.5,0.5
3059,0.5,0.5,0.0202,0.9539,0.0259,0.5,0.5,0.5,0.5
3060,0.5,0.5,0.0122,0.1533,0.8345,0.5,0.5,0.5,0.5
3061,0.5,0.5,0.0931,0.8939,0.013,0.5,0.5,0.5,0.5
3062,0.5,0.5,0.0286,0.9523,0.0191,0.5,0.5,0.5,0.5
3063,0.5,0.5,0.2259,0.0984,0.6757,0.5,0.5,0.5,0.5
3064,0.5,0.5,0.0398,0.9402,0.02,0.5,0.5,0.5,0.5
3065,0.5,0.5,0.0175,0.8881,0.0944,0.5,0.5,0.5,0.5
3066,0.5,0.5,0.0277,0.9453,0.027,0.5,0.5,0.5,0.5
3067,0.5,0.5,0.0395,0.9308,0.0296,0.5,0.5,0.5,0.5
3068,0.5,0.5,0.2554,0.1574,0.5872,0.5,0.5,0.5,0.5
3069,0.5,0.5,0.0194,0.9497,0.0309,0.5,0.5,0.5,0.5
3070,0.5,0.5,0.0158,0.956,0.0282,0.5,0.5,0.5,0.5
3071,0.5,0.5,0.0058,0.1998,0.7944,0.5,0.5,0.5,0.5
3072,0.5,0.5,0.0154,0.9631,0.0214,0.5,0.5,0.5,0.5
3073,0.5,0.5,0.6881,0.1538,0.1581,0.5,0.5,0.5,0.5
3074,0.5,0.5,0.0254,0.2342,0.7405,0.5,0.5,0.5,0.5
3075,0.5,0.5,0.0275,0.9367,0.0358,0.5,0.5,0.5,0.5
3076,0.5,0.5,0.0493,0.2385,0.7122,0.5,0.5,0.5,0.5
3077,0.5,0.5,0.0483,0.9374,0.0143,0.5,0.5,0.5,0.5
3078,0.5,0.5,0.0175,0.9713,0.0112,0.5,0.5,0.5,0.5
3079,0.5,0.5,0.0903,0.8878,0.0219,0.5,0.5,0.5,0.5
3080,0.5,0.5,0.0064,0.9452,0.0484,0.5,0.5,0.5,0.5
3081,0.5,0.5,0.0164,0.9495,0.0341,0.5,0.5,0.5,0.5
3082,0.5,0.5,0.0385,0.9396,0.022,0.5,0.5,0.5,0.5
3083,0.5,0.5,0.0375,0.946,0.0165,0.5,0.5,0.5,0.5
3084,0.5,0.5,0.0148,0.1659,0.8193,0.5,0.5,0.5,0.5
3085,0.5,0.5,0.0421,0.9405,0.0174,0.5,0.5,0.5,0.5
3086,0.5,0.5,0.0201,0.9492,0.0307,0.5,0.5,0.5,0.5
3087,0.5,0.5,0.0242,0.941,0.0348,0.5,0.5,0.5,0.5
3088,0.5,0.5,0.0232,0.9465,0.0303,0.5,0.5,0.5,0.5
3089,0.5,0.5,0.0721,0.2956,0.6323,0.5,0.5,0.5,0.5
3090,0.5,0.5,0.0287,0.9465,0.0249,0.5,0.5,0.5,0.5
3091,0.5,0.5,0.127,0.3209,0.5521,0.5,0.5,0.5,0.5
3092,0.5,0.5,0.0303,0.9392,0.0305,0.5,0.5,0.5,0.5
3093,0.5,0.5,0.0974,0.875,0.0276,0.5,0.5,0.5,0.5
3094,0.5,0.5,0.0497,0.313,0.6373,0.5,0.5,0.5,0.5
3095,0.5,0.5,0.0384,0.9492,0.0123,0.5,0.5,0.5,0.5
3096,0.5,0.5,0.0903,0.308,0.6018,0.5,0.5,0.5,0.5
3097,0.5,0.5,0.0549,0.9099,0.0352,0.5,0.5,0.5,0.5
3098,0.5,0.5,0.0372,0.2515,0.7113,0.5,0.5,0.5,0.5
3099,0.5,0.5,0.0262,0.945,0.0288,0.5,0.5,0.5,0.5
3100,0.5,0.5,0.4229,0.3334,0.2437,0.5,0.5,0.5,0.5
3101,0.5,0.5,0.072,0.5504,0.3776,0.5,0.5,0.5,0.5
3102,0.5,0.5,0.0174,0.9599,0.0227,0.5,0.5,0.5,0.5
3103,0.5,0.5,0.0178,0.9427,0.0395,0.5,0.5,0.5,0.5
3104,0.5,0.5,0.036,0.4456,0.5184,0.5,0.5,0.5,0.5
3105,0.5,0.5,0.0304,0.955,0.0145,0.5,0.5,0.5,0.5
3106,0.5,0.5,0.1167,0.8655,0.0178,0.5,0.5,0.5,0.5
3108,0.5,0.5,0.1319,0.2448,0.6232,0.5,0.5,0.5,0.5
3109,0.5,0.5,0.5805,0.2572,0.1624,0.5,0.5,0.5,0.5
3110,0.5,0.5,0.0219,0.9446,0.0335,0.5,0.5,0.5,0.5
3111,0.5,0.5,0.0077,0.9574,0.035,0.5,0.5,0.5,0.5
3112,0.5,0.5,0.0354,0.9476,0.017,0.5,0.5,0.5,0.5
3113,0.5,0.5,0.0358,0.9487,0.0155,0.5,0.5,0.5,0.5
3114,0.5,0.5,0.0165,0.9648,0.0188,0.5,0.5,0.5,0.5
3115,0.5,0.5,0.1638,0.3275,0.5088,0.5,0.5,0.5,0.5
3116,0.5,0.5,0.3139,0.2235,0.4626,0.5,0.5,0.5,0.5
3117,0.5,0.5,0.0174,0.9587,0.0239,0.5,0.5,0.5,0.5
3118,0.5,0.5,0.0202,0.9573,0.0225,0.5,0.5,0.5,0.5
3119,0.5,0.5,0.1314,0.2879,0.5808,0.5,0.5,0.5,0.5
3120,0.5,0.5,0.0237,0.957,0.0193,0.5,0.5,0.5,0.5
3121,0.5,0.5,0.064,0.9189,0.0171,0.5,0.5,0.5,0.5
3122,0.5,0.5,0.3104,0.2589,0.4307,0.5,0.5,0.5,0.5
3123,0.5,0.5,0.1161,0.1632,0.7207,0.5,0.5,0.5,0.5
3124,0.5,0.5,0.0788,0.1276,0.7936,0.5,0.5,0.5,0.5
3125,0.5,0.5,0.0377,0.932,0.0302,0.5,0.5,0.5,0.5
3126,0.5,0.5,0.0231,0.9587,0.0182,0.5,0.5,0.5,0.5
3127,0.5,0.5,0.1322,0.1596,0.7081,0.5,0.5,0.5,0.5
3128,0.5,0.5,0.3174,0.3255,0.3571,0.5,0.5,0.5,0.5
3129,0.5,0.5,0.0041,0.1177,0.8781,0.5,0.5,0.5,0.5
3130,0.5,0.5,0.0575,0.9344,0.0082,0.5,0.5,0.5,0.5
3131,0.5,0.5,0.0242,0.9574,0.0183,0.5,0.5,0.5,0.5
3132,0.5,0.5,0.0158,0.947,0.0372,0.5,0.5,0.5,0.5
3133,0.5,0.5,0.0236,0.2832,0.6931,0.5,0.5,0.5,0.5
3134,0.5,0.5,0.0564,0.9115,0.0322,0.5,0.5,0.5,0.5
3135,0.5,0.5,0.239,0.2594,0.5016,0.5,0.5,0.5,0.5
3136,0.5,0.5,0.0425,0.9423,0.0152,0.5,0.5,0.5,0.5
3137,0.5,0.5,0.0555,0.9344,0.0102,0.5,0.5,0.5,0.5
3138,0.5,0.5,0.0316,0.1899,0.7785,0.5,0.5,0.5,0.5
3139,0.5,0.5,0.0509,0.413,0.5361,0.5,0.5,0.5,0.5
3140,0.5,0.5,0.0352,0.9501,0.0147,0.5,0.5,0.5,0.5
3141,0.5,0.5,0.0945,0.2484,0.6571,0.5,0.5,0.5,0.5
3142,0.5,0.5,0.8328,0.1392,0.0281,0.5,0.5,0.5,0.5
3143,0.5,0.5,0.029,0.9413,0.0297,0.5,0.5,0.5,0.5
3144,0.5,0.5,0.3126,0.3734,0.314,0.5,0.5,0.5,0.5
3145,0.5,0.5,0.0417,0.9416,0.0167,0.5,0.5,0.5,0.5
3146,0.5,0.5,0.0193,0.9571,0.0236,0.5,0.5,0.5,0.5
3147,0.5,0.5,0.0272,0.9527,0.0201,0.5,0.5,0.5,0.5
3148,0.5,0.5,0.082,0.8988,0.0192,0.5,0.5,0.5,0.5
3149,0.5,0.5,0.3005,0.242,0.4575,0.5,0.5,0.5,0.5
3150,0.5,0.5,0.0536,0.9106,0.0358,0.5,0.5,0.5,0.5
3151,0.5,0.5,0.0386,0.9457,0.0157,0.5,0.5,0.5,0.5
3152,0.5,0.5,0.5008,0.2669,0.2323,0.5,0.5,0.5,0.5
3153,0.5,0.5,0.0356,0.9566,0.0078,0.5,0.5,0.5,0.5
3154,0.5,0.5,0.0748,0.9017,0.0235,0.5,0.5,0.5,0.5
3155,0.5,0.5,0.0376,0.946,0.0164,0.5,0.5,0.5,0.5
3156,0.5,0.5,0.0204,0.9505,0.0291,0.5,0.5,0.5,0.5
3157,0.5,0.5,0.0363,0.9186,0.0451,0.5,0.5,0.5,0.5
3158,0.5,0.5,0.0304,0.9486,0.021,0.5,0.5,0.5,0.5
3159,0.5,0.5,0.0312,0.9495,0.0193,0.5,0.5,0.5,0.5
3160,0.5,0.5,0.2468,0.2549,0.4984,0.5,0.5,0.5,0.5
3161,0.5,0.5,0.1064,0.8626,0.031,0.5,0.5,0.5,0.5
3162,0.5,0.5,0.0212,0.9513,0.0275,0.5,0.5,0.5,0.5
3163,0.5,0.5,0.0205,0.9493,0.0302,0.5,0.5,0.5,0.5
3164,0.5,0.5,0.0031,0.1143,0.8827,0.5,0.5,0.5,0.5
3165,0.5,0.5,0.0269,0.947,0.0261,0.5,0.5,0.5,0.5
3166,0.5,0.5,0.1962,0.1813,0.6225,0.5,0.5,0.5,0.5
3167,0.5,0.5,0.03,0.9492,0.0208,0.5,0.5,0.5,0.5
3168,0.5,0.5,0.0265,0.941,0.0325,0.5,0.5,0.5,0.5
3169,0.5,0.5,0.021,0.9429,0.0361,0.5,0.5,0.5,0.5
3170,0.5,0.5,0.0244,0.9566,0.019,0.5,0.5,0.5,0.5
3171,0.5,0.5,0.2642,0.207,0.5287,0.5,0.5,0.5,0.5
3172,0.5,0.5,0.054,0.9206,0.0253,0.5,0.5,0.5,0.5
3173,0.5,0.5,0.0159,0.9477,0.0364,0.5,0.5,0.5,0.5
3174,0.5,0.5,0.027,0.9585,0.0144,0.5,0.5,0.5,0.5
3175,0.5,0.5,0.7296,0.1803,0.0902,0.5,0.5,0.5,0.5
3176,0.5,0.5,0.0233,0.9486,0.028,0.5,0.5,0.5,0.5
3177,0.5,0.5,0.0377,0.9475,0.0149,0.5,0.5,0.5,0.5
3178,0.5,0.5,0.0262,0.9454,0.0283,0.5,0.5,0.5,0.5
3179,0.5,0.5,0.3999,0.2023,0.3978,0.5,0.5,0.5,0.5
3180,0.5,0.5,0.0554,0.9198,0.0248,0.5,0.5,0.5,0.5
3181,0.5,0.5,0.0596,0.9208,0.0197,0.5,0.5,0.5,0.5
3182,0.5,0.5,0.0246,0.9557,0.0197,0.5,0.5,0.5,0.5
3183,0.5,0.5,0.01,0.1402,0.8498,0.5,0.5,0.5,0.5
3184,0.5,0.5,0.0178,0.9482,0.034,0.5,0.5,0.5,0.5
3185,0.5,0.5,0.0733,0.9184,0.0083,0.5,0.5,0.5,0.5
3186,0.5,0.5,0.8054,0.1588,0.0358,0.5,0.5,0.5,0.5
3187,0.5,0.5,0.4947,0.311,0.1943,0.5,0.5,0.5,0.5
3188,0.5,0.5,0.0745,0.8914,0.0341,0.5,0.5,0.5,0.5
3189,0.5,0.5,0.0432,0.938,0.0188,0.5,0.5,0.5,0.5
3190,0.5,0.5,0.0902,0.1518,0.758,0.5,0.5,0.5,0.5
3191,0.5,0.5,0.0188,0.9556,0.0256,0.5,0.5,0.5,0.5
3192,0.5,0.5,0.0354,0.9454,0.0192,0.5,0.5,0.5,0.5
3193,0.5,0.5,0.737,0.2125,0.0505,0.5,0.5,0.5,0.5
3194,0.5,0.5,0.0291,0.9339,0.0371,0.5,0.5,0.5,0.5
3195,0.5,0.5,0.0407,0.9372,0.0221,0.5,0.5,0.5,0.5
3196,0.5,0.5,0.0711,0.3017,0.6272,0.5,0.5,0.5,0.5
3197,0.5,0.5,0.0208,0.9397,0.0394,0.5,0.5,0.5,0.5
3198,0.5,0.5,0.0422,0.9356,0.0223,0.5,0.5,0.5,0.5
3199,0.5,0.5,0.0743,0.897,0.0287,0.5,0.5,0.5,0.5
3200,0.5,0.5,0.0195,0.947,0.0335,0.5,0.5,0.5,0.5
3201,0.5,0.5,0.0351,0.2954,0.6694,0.5,0.5,0.5,0.5
3202,0.5,0.5,0.0928,0.8778,0.0293,0.5,0.5,0.5,0.5
3203,0.5,0.5,0.3758,0.2702,0.3539,0.5,0.5,0.5,0.5
3204,0.5,0.5,0.0956,0.1689,0.7354,0.5,0.5,0.5,0.5
3205,0.5,0.5,0.0383,0.4296,0.532,0.5,0.5,0.5,0.5
3206,0.5,0.5,0.0193,0.9509,0.0298,0.5,0.5,0.5,0.5
3207,0.5,0.5,0.0205,0.9517,0.0279,0.5,0.5,0.5,0.5
3208,0.5,0.5,0.0289,0.9462,0.0249,0.5,0.5,0.5,0.5
3209,0.5,0.5,0.0276,0.9507,0.0217,0.5,0.5,0.5,0.5
3210,0.5,0.5,0.0318,0.9452,0.023,0.5,0.5,0.5,0.5
3211,0.5,0.5,0.0051,0.9215,0.0735,0.5,0.5,0.5,0.5
3212,0.5,0.5,0.0375,0.9399,0.0225,0.5,0.5,0.5,0.5
3213,0.5,0.5,0.094,0.883,0.023,0.5,0.5,0.5,0.5
3214,0.5,0.5,0.0624,0.9196,0.0181,0.5,0.5,0.5,0.5
3215,0.5,0.5,0.7256,0.234,0.0405,0.5,0.5,0.5,0.5
3216,0.5,0.5,0.1837,0.2152,0.6011,0.5,0.5,0.5,0.5
3217,0.5,0.5,0.0082,0.9543,0.0375,0.5,0.5,0.5,0.5
3218,0.5,0.5,0.0513,0.9185,0.0302,0.5,0.5,0.5,0.5
3219,0.5,0.5,0.0645,0.2176,0.7179,0.5,0.5,0.5,0.5
3220,0.5,0.5,0.0418,0.9431,0.0151,0.5,0.5,0.5,0.5
3221,0.5,0.5,0.0377,0.1361,0.8261,0.5,0.5,0.5,0.5
3222,0.5,0.5,0.0184,0.942,0.0395,0.5,0.5,0.5,0.5
3223,0.5,0.5,0.0423,0.9292,0.0284,0.5,0.5,0.5,0.5
3224,0.5,0.5,0.1195,0.8658,0.0147,0.5,0.5,0.5,0.5
3225,0.5,0.5,0.0327,0.9453,0.022,0.5,0.5,0.5,0.5
3226,0.5,0.5,0.1233,0.2088,0.6679,0.5,0.5,0.5,0.5
3227,0.5,0.5,0.0188,0.9617,0.0195,0.5,0.5,0.5,0.5
3228,0.5,0.5,0.0288,0.954,0.0172,0.5,0.5,0.5,0.5
3229,0.5,0.5,0.0559,0.2321,0.712,0.5,0.5,0.5,0.5
3230,0.5,0.5,0.1,0.3113,0.5887,0.5,0.5,0.5,0.5
3231,0.5,0.5,0.0153,0.9592,0.0255,0.5,0.5,0.5,0.5
3232,0.5,0.5,0.0923,0.8741,0.0336,0.5,0.5,0.5,0.5
3233,0.5,0.5,0.25,0.2815,0.4685,0.5,0.5,0.5,0.5
3234,0.5,0.5,0.02,0.9475,0.0325,0.5,0.5,0.5,0.5
3235,0.5,0.5,0.121,0.2589,0.6201,0.5,0.5,0.5,0.5
3236,0.5,0.5,0.0196,0.9543,0.026,0.5,0.5,0.5,0.5
3237,0.5,0.5,0.0253,0.9399,0.0348,0.5,0.5,0.5,0.5
3238,0.5,0.5,0.6525,0.1619,0.1856,0.5,0.5,0.5,0.5
3239,0.5,0.5,0.0244,0.9627,0.0129,0.5,0.5,0.5,0.5
3240,0.5,0.5,0.2028,0.2113,0.5859,0.5,0.5,0.5,0.5
3241,0.5,0.5,0.0366,0.9455,0.0179,0.5,0.5,0.5,0.5
3242,0.5,0.5,0.0134,0.9498,0.0367,0.5,0.5,0.5,0.5
3243,0.5,0.5,0.1399,0.8445,0.0156,0.5,0.5,0.5,0.5
3244,0.5,0.5,0.3004,0.2481,0.4515,0.5,0.5,0.5,0.5
3245,0.5,0.5,0.1191,0.2643,0.6166,0.5,0.5,0.5,0.5
3246,0.5,0.5,0.1187,0.8513,0.03,0.5,0.5,0.5,0.5
3247,0.5,0.5,0.0149,0.9681,0.017,0.5,0.5,0.5,0.5
3248,0.5,0.5,0.0104,0.9758,0.0138,0.5,0.5,0.5,0.5
3249,0.5,0.5,0.0284,0.9481,0.0234,0.5,0.5,0.5,0.5
3250,0.5,0.5,0.022,0.957,0.0209,0.5,0.5,0.5,0.5
3251,0.5,0.5,0.0504,0.9238,0.0258,0.5,0.5,0.5,0.5
3252,0.5,0.5,0.0444,0.4821,0.4736,0.5,0.5,0.5,0.5
3253,0.5,0.5,0.0114,0.1448,0.8438,0.5,0.5,0.5,0.5
3254,0.5,0.5,0.0289,0.947,0.0242,0.5,0.5,0.5,0.5
3255,0.5,0.5,0.0201,0.9503,0.0296,0.5,0.5,0.5,0.5
3256,0.5,0.5,0.0281,0.9509,0.0209,0.5,0.5,0.5,0.5
3257,0.5,0.5,0.0316,0.9453,0.0232,0.5,0.5,0.5,0.5
3258,0.5,0.5,0.25,0.4821,0.2679,0.5,0.5,0.5,0.5
3259,0.5,0.5,0.1265,0.2094,0.6641,0.5,0.5,0.5,0.5
3260,0.5,0.5,0.0614,0.3674,0.5712,0.5,0.5,0.5,0.5
3261,0.5,0.5,0.0832,0.3496,0.5671,0.5,0.5,0.5,0.5
3262,0.5,0.5,0.018,0.9481,0.0339,0.5,0.5,0.5,0.5
3263,0.5,0.5,0.0374,0.9463,0.0164,0.5,0.5,0.5,0.5
3264,0.5,0.5,0.018,0.9511,0.0309,0.5,0.5,0.5,0.5
3265,0.5,0.5,0.5797,0.3213,0.099,0.5,0.5,0.5,0.5
3266,0.5,0.5,0.0291,0.9464,0.0244,0.5,0.5,0.5,0.5
3267,0.5,0.5,0.033,0.9557,0.0112,0.5,0.5,0.5,0.5
3268,0.5,0.5,0.285,0.1496,0.5655,0.5,0.5,0.5,0.5
3269,0.5,0.5,0.0194,0.9553,0.0253,0.5,0.5,0.5,0.5
3270,0.5,0.5,0.0232,0.9544,0.0225,0.5,0.5,0.5,0.5
3271,0.5,0.5,0.0593,0.2503,0.6904,0.5,0.5,0.5,0.5
3272,0.5,0.5,0.1342,0.5306,0.3352,0.5,0.5,0.5,0.5
3273,0.5,0.5,0.0235,0.9468,0.0297,0.5,0.5,0.5,0.5
3274,0.5,0.5,0.0166,0.9648,0.0186,0.5,0.5,0.5,0.5
3275,0.5,0.5,0.4366,0.1004,0.4629,0.5,0.5,0.5,0.5
3276,0.5,0.5,0.135,0.8484,0.0166,0.5,0.5,0.5,0.5
3278,0.5,0.5,0.1914,0.3729,0.4356,0.5,0.5,0.5,0.5
3279,0.5,0.5,0.0155,0.9718,0.0127,0.5,0.5,0.5,0.5
3280,0.5,0.5,0.0685,0.905,0.0265,0.5,0.5,0.5,0.5
3281,0.5,0.5,0.0426,0.9286,0.0288,0.5,0.5,0.5,0.5
3282,0.5,0.5,0.0674,0.3063,0.6262,0.5,0.5,0.5,0.5
3283,0.5,0.5,0.1206,0.2604,0.619,0.5,0.5,0.5,0.5
3284,0.5,0.5,0.0114,0.1312,0.8574,0.5,0.5,0.5,0.5
3285,0.5,0.5,0.0299,0.4165,0.5537,0.5,0.5,0.5,0.5
3286,0.5,0.5,0.394,0.477,0.129,0.5,0.5,0.5,0.5
3287,0.5,0.5,0.0478,0.9294,0.0228,0.5,0.5,0.5,0.5
3288,0.5,0.5,0.0587,0.2268,0.7145,0.5,0.5,0.5,0.5
3289,0.5,0.5,0.3439,0.1454,0.5107,0.5,0.5,0.5,0.5
3290,0.5,0.5,0.0974,0.5704,0.3322,0.5,0.5,0.5,0.5
3291,0.5,0.5,0.0209,0.9447,0.0344,0.5,0.5,0.5,0.5
3292,0.5,0.5,0.0109,0.9541,0.0351,0.5,0.5,0.5,0.5
3293,0.5,0.5,0.222,0.238,0.54,0.5,0.5,0.5,0.5
3294,0.5,0.5,0.0202,0.9568,0.023,0.5,0.5,0.5,0.5
3295,0.5,0.5,0.0345,0.946,0.0196,0.5,0.5,0.5,0.5
3296,0.5,0.5,0.0387,0.9372,0.0242,0.5,0.5,0.5,0.5
3297,0.5,0.5,0.1051,0.2942,0.6007,0.5,0.5,0.5,0.5
3298,0.5,0.5,0.4529,0.3157,0.2313,0.5,0.5,0.5,0.5
3299,0.5,0.5,0.0323,0.951,0.0167,0.5,0.5,0.5,0.5
3300,0.5,0.5,0.0232,0.95,0.0269,0.5,0.5,0.5,0.5
3301,0.5,0.5,0.4603,0.3037,0.236,0.5,0.5,0.5,0.5
3302,0.5,0.5,0.7943,0.0774,0.1283,0.5,0.5,0.5,0.5
3303,0.5,0.5,0.0706,0.8972,0.0321,0.5,0.5,0.5,0.5
3304,0.5,0.5,0.0335,0.9482,0.0183,0.5,0.5,0.5,0.5
3305,0.5,0.5,0.0351,0.2884,0.6765,0.5,0.5,0.5,0.5
3306,0.5,0.5,0.0209,0.9403,0.0388,0.5,0.5,0.5,0.5
3307,0.5,0.5,0.0765,0.2983,0.6252,0.5,0.5,0.5,0.5
3308,0.5,0.5,0.0463,0.9357,0.0179,0.5,0.5,0.5,0.5
3309,0.5,0.5,0.0207,0.9506,0.0287,0.5,0.5,0.5,0.5
3310,0.5,0.5,0.0151,0.2639,0.721,0.5,0.5,0.5,0.5
3311,0.5,0.5,0.0224,0.955,0.0226,0.5,0.5,0.5,0.5
3312,0.5,0.5,0.1803,0.268,0.5517,0.5,0.5,0.5,0.5
3313,0.5,0.5,0.0729,0.9093,0.0178,0.5,0.5,0.5,0.5
3314,0.5,0.5,0.0611,0.905,0.0339,0.5,0.5,0.5,0.5
3315,0.5,0.5,0.0202,0.9618,0.018,0.5,0.5,0.5,0.5
3316,0.5,0.5,0.0583,0.913,0.0287,0.5,0.5,0.5,0.5
3317,0.5,0.5,0.0271,0.9527,0.0202,0.5,0.5,0.5,0.5
3318,0.5,0.5,0.0225,0.9434,0.0341,0.5,0.5,0.5,0.5
3319,0.5,0.5,0.0389,0.1092,0.8519,0.5,0.5,0.5,0.5
3320,0.5,0.5,0.1584,0.3235,0.5181,0.5,0.5,0.5,0.5
3321,0.5,0.5,0.0608,0.92,0.0192,0.5,0.5,0.5,0.5
3322,0.5,0.5,0.0415,0.583,0.3755,0.5,0.5,0.5,0.5
3323,0.5,0.5,0.0143,0.9552,0.0305,0.5,0.5,0.5,0.5
3324,0.5,0.5,0.0044,0.2118,0.7839,0.5,0.5,0.5,0.5
3325,0.5,0.5,0.0163,0.4639,0.5198,0.5,0.5,0.5,0.5
3326,0.5,0.5,0.0642,0.1492,0.7866,0.5,0.5,0.5,0.5
3327,0.5,0.5,0.038,0.9348,0.0272,0.5,0.5,0.5,0.5
3328,0.5,0.5,0.0197,0.9501,0.0302,0.5,0.5,0.5,0.5
3329,0.5,0.5,0.017,0.3318,0.6511,0.5,0.5,0.5,0.5
3330,0.5,0.5,0.1768,0.199,0.6242,0.5,0.5,0.5,0.5
3331,0.5,0.5,0.0412,0.1997,0.7591,0.5,0.5,0.5,0.5
3332,0.5,0.5,0.062,0.9137,0.0244,0.5,0.5,0.5,0.5
3333,0.5,0.5,0.0423,0.928,0.0297,0.5,0.5,0.5,0.5
3334,0.5,0.5,0.1957,0.243,0.5613,0.5,0.5,0.5,0.5
3335,0.5,0.5,0.4945,0.2216,0.2839,0.5,0.5,0.5,0.5
3336,0.5,0.5,0.1269,0.3137,0.5594,0.5,0.5,0.5,0.5
3337,0.5,0.5,0.016,0.956,0.028,0.5,0.5,0.5,0.5
3338,0.5,0.5,0.5265,0.1331,0.3404,0.5,0.5,0.5,0.5
3339,0.5,0.5,0.197,0.2368,0.5663,0.5,0.5,0.5,0.5
3340,0.5,0.5,0.0184,0.9636,0.018,0.5,0.5,0.5,0.5
3341,0.5,0.5,0.3507,0.5024,0.1468,0.5,0.5,0.5,0.5
3342,0.5,0.5,0.0571,0.1477,0.7952,0.5,0.5,0.5,0.5
3343,0.5,0.5,0.0134,0.9589,0.0277,0.5,0.5,0.5,0.5
3344,0.5,0.5,0.03,0.9524,0.0176,0.5,0.5,0.5,0.5
3345,0.5,0.5,0.0052,0.1163,0.8785,0.5,0.5,0.5,0.5
3346,0.5,0.5,0.0275,0.9573,0.0151,0.5,0.5,0.5,0.5
3347,0.5,0.5,0.0348,0.9373,0.0279,0.5,0.5,0.5,0.5
3348,0.5,0.5,0.3609,0.2986,0.3405,0.5,0.5,0.5,0.5
3349,0.5,0.5,0.0131,0.9591,0.0278,0.5,0.5,0.5,0.5
3350,0.5,0.5,0.0254,0.9433,0.0312,0.5,0.5,0.5,0.5
3351,0.5,0.5,0.0255,0.9486,0.0259,0.5,0.5,0.5,0.5
3352,0.5,0.5,0.185,0.1887,0.6263,0.5,0.5,0.5,0.5
3353,0.5,0.5,0.03,0.9477,0.0223,0.5,0.5,0.5,0.5
3354,0.5,0.5,0.0195,0.961,0.0195,0.5,0.5,0.5,0.5
3355,0.5,0.5,0.0376,0.9343,0.0281,0.5,0.5,0.5,0.5
3356,0.5,0.5,0.033,0.9484,0.0186,0.5,0.5,0.5,0.5
3357,0.5,0.5,0.0509,0.9244,0.0247,0.5,0.5,0.5,0.5
3358,0.5,0.5,0.0361,0.9356,0.0283,0.5,0.5,0.5,0.5
3359,0.5,0.5,0.0206,0.9593,0.0201,0.5,0.5,0.5,0.5
3360,0.5,0.5,0.031,0.9581,0.011,0.5,0.5,0.5,0.5
3361,0.5,0.5,0.2572,0.1759,0.5669,0.5,0.5,0.5,0.5
3362,0.5,0.5,0.3304,0.2175,0.4521,0.5,0.5,0.5,0.5
3363,0.5,0.5,0.0429,0.9223,0.0348,0.5,0.5,0.5,0.5
3364,0.5,0.5,0.0566,0.9132,0.0302,0.5,0.5,0.5,0.5
3365,0.5,0.5,0.304,0.1595,0.5365,0.5,0.5,0.5,0.5
3366,0.5,0.5,0.018,0.9439,0.0381,0.5,0.5,0.5,0.5
3367,0.5,0.5,0.0153,0.9558,0.0289,0.5,0.5,0.5,0.5
3368,0.5,0.5,0.0226,0.9513,0.0261,0.5,0.5,0.5,0.5
3369,0.5,0.5,0.0163,0.9513,0.0325,0.5,0.5,0.5,0.5
3370,0.5,0.5,0.067,0.915,0.0179,0.5,0.5,0.5,0.5
3371,0.5,0.5,0.041,0.9433,0.0157,0.5,0.5,0.5,0.5
3372,0.5,0.5,0.3051,0.3671,0.3278,0.5,0.5,0.5,0.5
3373,0.5,0.5,0.0169,0.9476,0.0355,0.5,0.5,0.5,0.5
3374,0.5,0.5,0.3248,0.3846,0.2906,0.5,0.5,0.5,0.5
3375,0.5,0.5,0.0721,0.897,0.0309,0.5,0.5,0.5,0.5
3376,0.5,0.5,0.045,0.9205,0.0344,0.5,0.5,0.5,0.5
3377,0.5,0.5,0.0264,0.9539,0.0197,0.5,0.5,0.5,0.5
3378,0.5,0.5,0.026,0.9594,0.0146,0.5,0.5,0.5,0.5
3379,0.5,0.5,0.032,0.9351,0.0329,0.5,0.5,0.5,0.5
3380,0.5,0.5,0.1269,0.3037,0.5694,0.5,0.5,0.5,0.5
3381,0.5,0.5,0.7456,0.0809,0.1736,0.5,0.5,0.5,0.5
3382,0.5,0.5,0.1175,0.1188,0.7636,0.5,0.5,0.5,0.5
3383,0.5,0.5,0.0868,0.2221,0.6911,0.5,0.5,0.5,0.5
3384,0.5,0.5,0.0787,0.3128,0.6085,0.5,0.5,0.5,0.5
3385,0.5,0.5,0.0148,0.9517,0.0335,0.5,0.5,0.5,0.5
3386,0.5,0.5,0.2846,0.2597,0.4557,0.5,0.5,0.5,0.5
3387,0.5,0.5,0.0802,0.5718,0.3481,0.5,0.5,0.5,0.5
3388,0.5,0.5,0.1824,0.2113,0.6063,0.5,0.5,0.5,0.5
3389,0.5,0.5,0.0222,0.9516,0.0263,0.5,0.5,0.5,0.5
3390,0.5,0.5,0.0267,0.9464,0.0269,0.5,0.5,0.5,0.5
3391,0.5,0.5,0.0402,0.923,0.0368,0.5,0.5,0.5,0.5
3392,0.5,0.5,0.0203,0.9531,0.0266,0.5,0.5,0.5,0.5
3393,0.5,0.5,0.0207,0.9555,0.0238,0.5,0.5,0.5,0.5
3394,0.5,0.5,0.427,0.1797,0.3933,0.5,0.5,0.5,0.5
3395,0.5,0.5,0.0312,0.947,0.0218,0.5,0.5,0.5,0.5
3396,0.5,0.5,0.0132,0.968,0.0188,0.5,0.5,0.5,0.5
3397,0.5,0.5,0.0311,0.9501,0.0188,0.5,0.5,0.5,0.5
3398,0.5,0.5,0.0717,0.9135,0.0148,0.5,0.5,0.5,0.5
3399,0.5,0.5,0.0403,0.935,0.0247,0.5,0.5,0.5,0.5
3400,0.5,0.5,0.0188,0.9432,0.038,0.5,0.5,0.5,0.5
3401,0.5,0.5,0.017,0.9542,0.0287,0.5,0.5,0.5,0.5
3402,0.5,0.5,0.0223,0.9535,0.0242,0.5,0.5,0.5,0.5
3403,0.5,0.5,0.1581,0.1603,0.6815,0.5,0.5,0.5,0.5
3404,0.5,0.5,0.0573,0.1295,0.8132,0.5,0.5,0.5,0.5
3405,0.5,0.5,0.0297,0.9545,0.0158,0.5,0.5,0.5,0.5
3406,0.5,0.5,0.0177,0.9699,0.0124,0.5,0.5,0.5,0.5
3407,0.5,0.5,0.0349,0.9412,0.0238,0.5,0.5,0.5,0.5
3408,0.5,0.5,0.0456,0.9363,0.0181,0.5,0.5,0.5,0.5
3409,0.5,0.5,0.1871,0.187,0.6259,0.5,0.5,0.5,0.5
3410,0.5,0.5,0.0897,0.8797,0.0307,0.5,0.5,0.5,0.5
3411,0.5,0.5,0.0874,0.8971,0.0154,0.5,0.5,0.5,0.5
